protocol,tx_hash,user,block_number,log_index,collateral_asset,debt_asset,health_factor,measurable,mismatch,cause
aave_v2,0xeae528d15f87693cf09f68e4564d504392d9646e4a0a4a48adc5f834e9a17046,0xe6cb101eba87c46db7bb1e27ad2bd73482837a1c,11492730,95,0xc02aaa39b223fe8d0a0e5c4f27ead9083c756cc2,0x6b175474e89094c44da98b954eedeac495271d0f,1.1499167531297825,True,True,unexplained
aave_v2,0xb6cc7db15727a04f479be7caa9bff0533e566358f629a4cb32f2cc91c2ddc368,0x48460972346896dff5f9915548d44f2f9ddc53e1,11512479,115,0x514910771af9ca656af840dff83e8264ecf986ca,0x6b175474e89094c44da98b954eedeac495271d0f,1.0672008859673145,True,True,unexplained
aave_v2,0x57f3c80f0c236d247a108144c0d417aa771e591167663430d04aa0862407da71,0xd9de3a844b7f7869f5b3ac578977c681a5c8ce3d,11592732,275,0xc02aaa39b223fe8d0a0e5c4f27ead9083c756cc2,0xdac17f958d2ee523a2206206994597c13d831ec7,1.0902963439745186,True,True,unexplained
aave_v2,0xdaf31243f70ad4f6c6560307ac64c2904cd83908ba7561f5c83aecae5fd128af,0xf39b1b135db1f3da3843afde8314bedf4537ba96,11602499,176,0xa0b86991c6218b36c1d19d4a2e9eb0ce3606eb48,0x514910771af9ca656af840dff83e8264ecf986ca,1.1775329613770835,True,True,unexplained
aave_v2,0xf50891656b79f2e73c6e389524dc58c7ee47bc30f33b1c114295df452bb3152f,0x37aba65fea61ca66cfb421e8a90785c78be31ed1,11629305,150,0x2260fac5e5542a773aa44fbcfedf7c193bc2c599,0xa0b86991c6218b36c1d19d4a2e9eb0ce3606eb48,1.0557257939295204,True,True,unexplained
aave_v2,0x607a72425c34b7c21ee3ecd4ee5ddbb9aea9b3cae26978291151772f1df7226d,0x59655511bc501dec7193f2928aad4dbeea1afbd7,11631114,172,0x514910771af9ca656af840dff83e8264ecf986ca,0xa0b86991c6218b36c1d19d4a2e9eb0ce3606eb48,1.081042286479407,True,True,unexplained
aave_v2,0x62c441eb8ad78a188f364e29cd261f0a5571a9b4c015f3a3a9c6d1e215d8565f,0x31468523e226b9212e12688b7bff7d8b6d3b94bf,11631202,22,0xc02aaa39b223fe8d0a0e5c4f27ead9083c756cc2,0xa0b86991c6218b36c1d19d4a2e9eb0ce3606eb48,1.1602662078526895,True,True,unexplained
aave_v2,0x3a161467c540cc38c9a427ca6eab7a05e056d5321cd08d1e857723d323be4cd4,0x31468523e226b9212e12688b7bff7d8b6d3b94bf,11631232,15,0xc02aaa39b223fe8d0a0e5c4f27ead9083c756cc2,0x6b175474e89094c44da98b954eedeac495271d0f,1.2078335966342306,True,True,unexplained
aave_v2,0x9023ef35b9050673658164ca0a441d1fd45668a3a68ca23f76d401802b049317,0xe6cb101eba87c46db7bb1e27ad2bd73482837a1c,11631303,203,0x0000000000085d4780b73119b644ae5ecd22b376,0x6b175474e89094c44da98b954eedeac495271d0f,1.052996261451558,True,True,unexplained
aave_v2,0xd478eb1e114fa9581c3390c35950740f47cbbc84943599627aa376aeca599eb4,0xecbc3f687d865e040faf7a57e8770aff7c7c2474,11631767,80,0x2260fac5e5542a773aa44fbcfedf7c193bc2c599,0xa0b86991c6218b36c1d19d4a2e9eb0ce3606eb48,1.1190255257621098,True,True,unexplained
aave_v2,0xd04b1748afc1767c708fcb1b27670ea143cb0a1b2af0c10114ad3830c639c1dc,0x60e91e9a950d821dc1d0033e5c764e97295cd317,11632025,185,0x514910771af9ca656af840dff83e8264ecf986ca,0xa0b86991c6218b36c1d19d4a2e9eb0ce3606eb48,1.1362277257480582,True,True,unexplained
aave_v2,0xf67797a0ed54431542fb4096d20ca32fee8cfc3f2dd3ed8a57a25c1bab28d2de,0x027fca5dce8baa10e93ca93d0f2150e7ca4d4107,11669857,151,0xa0b86991c6218b36c1d19d4a2e9eb0ce3606eb48,0xd533a949740bb3306d119cc777fa900ba034cd52,1.015126738634015,True,True,unexplained
aave_v2,0xfcb59858ec403c84f1e80d3b0140cbecc54faaa057d6bd56f3dc2ac3e2a7ea56,0x027fca5dce8baa10e93ca93d0f2150e7ca4d4107,11669857,191,0xa0b86991c6218b36c1d19d4a2e9eb0ce3606eb48,0xd533a949740bb3306d119cc777fa900ba034cd52,1.0159090223548428,True,True,unexplained
aave_v2,0x6f347755513ca3bf091f9d3d03bc654d2e681fd85c295722b09766e65299e939,0x6c07b538fc627ae1465136f14f0f2e6143eeebf5,11691978,183,0xc02aaa39b223fe8d0a0e5c4f27ead9083c756cc2,0x6b175474e89094c44da98b954eedeac495271d0f,1.085623824259876,True,True,unexplained
aave_v2,0x9e359fcf3c0ab955e3c8ea17743f49a12bfcff476f1e33331a63d95373c520db,0xbb3ba9442c15503a72cbe06265bdbfa210eebb6e,11700034,125,0x2260fac5e5542a773aa44fbcfedf7c193bc2c599,0xa0b86991c6218b36c1d19d4a2e9eb0ce3606eb48,1.1523768969188035,True,True,unexplained
aave_v2,0x8868314906731cf16b9ebf90eec023b24fd1869d73690b092d9ae0c1bcc3214b,0x6c07b538fc627ae1465136f14f0f2e6143eeebf5,11701437,104,0xc02aaa39b223fe8d0a0e5c4f27ead9083c756cc2,0x0000000000085d4780b73119b644ae5ecd22b376,1.1517638285009437,True,True,unexplained
aave_v2,0x1f8064b3cab5f0ded525cf33cad6cb3d3ce53fb5e5436a0f02ad551a24c3bf79,0x64abc5b10c77d93be5038e7b4965d2f0d8279127,11701559,14,0x1f9840a85d5af5bf1d1762f925bdaddc4201f984,0x6b175474e89094c44da98b954eedeac495271d0f,1.1018322862817858,True,True,unexplained
aave_v2,0x128413f1a909e0889b722d0e1747b1a96983355a5fc3e058a0e170baa6754e36,0x3ed61895bc00f43d6dafb573d942eb672035edc1,11701609,204,0xc02aaa39b223fe8d0a0e5c4f27ead9083c756cc2,0x6b175474e89094c44da98b954eedeac495271d0f,1.2340012017190218,True,True,unexplained
aave_v2,0xfe634d48badb360409c540e8545b038719998f9abaee6a954fb9e592c470a89f,0x02e76c933b98c46fabd87fb30c14c7a623319bbe,11701947,78,0x2260fac5e5542a773aa44fbcfedf7c193bc2c599,0x0000000000085d4780b73119b644ae5ecd22b376,1.1023322594098572,True,True,unexplained
aave_v2,0x0c20be95e2cff107e3c0b4dfaaaf2b5a0f39a4e09da5c37d7c8d4f5a68e0f03b,0x354c7682ffe97fb6a0fa6e13e2cf07cf92f054bb,11702119,144,0x514910771af9ca656af840dff83e8264ecf986ca,0xa0b86991c6218b36c1d19d4a2e9eb0ce3606eb48,1.0246568120544306,True,True,unexplained
aave_v2,0x15bbab9ae1a30f3d66e6640b365def0d203185ec7922bfc06ed0948499b2be4b,0x6f54902bb9b1dca9ef8b30ee16372451dd8535f9,11706261,154,0xa0b86991c6218b36c1d19d4a2e9eb0ce3606eb48,0xd533a949740bb3306d119cc777fa900ba034cd52,1.1485142244726003,True,True,unexplained
aave_v2,0x0077290074fafc429b89197e437cc6482e2497c1e0ccc72952f1c543b4537c32,0x30cc8552fad6a705bbf543744746bec4b2fde2dd,11710147,119,0x2260fac5e5542a773aa44fbcfedf7c193bc2c599,0x514910771af9ca656af840dff83e8264ecf986ca,1.0690640087679244,True,True,unexplained
aave_v2,0x91bfc1f7b4e3c8a0c32f17311f804fde1c8158ef6ade54fa1370462ef43f63ec,0x6c07b538fc627ae1465136f14f0f2e6143eeebf5,11727388,78,0xc02aaa39b223fe8d0a0e5c4f27ead9083c756cc2,0x6b175474e89094c44da98b954eedeac495271d0f,1.0500649676344669,True,True,unexplained
aave_v2,0xa619bfd3795ea4b0c09a3d39a3b0c50202abce3000ba018db68b585821fc11ab,0x2c4ef3a24b1f38d848283c65b05b00987ee43fd8,11731933,139,0xc02aaa39b223fe8d0a0e5c4f27ead9083c756cc2,0xa0b86991c6218b36c1d19d4a2e9eb0ce3606eb48,1.0754668239085063,True,True,unexplained
aave_v2,0x1d2c369e3de926e256a75f2253bd64fbd2a8e54905efe3a2b29ba380dfb3d0e8,0x2c4ef3a24b1f38d848283c65b05b00987ee43fd8,11735968,15,0xc02aaa39b223fe8d0a0e5c4f27ead9083c756cc2,0xa0b86991c6218b36c1d19d4a2e9eb0ce3606eb48,1.045074991005923,True,True,unexplained
aave_v2,0x341a48c958eb5a9f22ad3a76436b8474e26b9d00d3312bfb71cffb5df44f1bb3,0x85d2cc6e3c3fd8bd6ac259f8eea25698bd6e8704,11738277,101,0xc02aaa39b223fe8d0a0e5c4f27ead9083c756cc2,0xa0b86991c6218b36c1d19d4a2e9eb0ce3606eb48,1.0944763452952742,True,True,unexplained
aave_v2,0x671d1111c0e16f4aabd8bebbccbd2396508f34627cef2e567f8825899053e5dd,0x2c4ef3a24b1f38d848283c65b05b00987ee43fd8,11738419,65,0xc02aaa39b223fe8d0a0e5c4f27ead9083c756cc2,0x6b175474e89094c44da98b954eedeac495271d0f,1.1086306869911893,True,True,unexplained
aave_v2,0x488e1b3521c95a8e8ee05384af7f892731518c0bb5e452b3e671d27c2a477a67,0xe1d18ae098ffb1ad301e0609180f155b329a710a,11739645,249,0x514910771af9ca656af840dff83e8264ecf986ca,0xdac17f958d2ee523a2206206994597c13d831ec7,1.109118924000343,True,True,unexplained
aave_v2,0x54a8c6b11c88056b27ae78ee033c2aa6c27cb4e84dc8efab976ecdb5408bf14a,0xc9c80361c7a1fcb43a4ba2ad30cbe34e7fdb56b1,11752650,111,0x2260fac5e5542a773aa44fbcfedf7c193bc2c599,0xa0b86991c6218b36c1d19d4a2e9eb0ce3606eb48,1.0181829635505617,True,True,unexplained
aave_v2,0xf2f3f9c01118d12c1b7ea01ff4903c7c5ee88ec421cb4b955da11c453dde3e4d,0x2c4ef3a24b1f38d848283c65b05b00987ee43fd8,11752711,88,0xc02aaa39b223fe8d0a0e5c4f27ead9083c756cc2,0xa0b86991c6218b36c1d19d4a2e9eb0ce3606eb48,1.0304735494119883,True,True,unexplained
aave_v2,0x774c9363f02abda3c915e6871c5b8a6bc44c98bc22434c4a32c81d8eed7ae725,0x52e72e4e210a2a5999e2fc3d14c134b8a1d55fe8,11788932,57,0xc02aaa39b223fe8d0a0e5c4f27ead9083c756cc2,0x6b175474e89094c44da98b954eedeac495271d0f,1.0340575830285912,True,True,unexplained
aave_v2,0x4b653bf741c5ba405277d759110f1e29f71c1f3bbd256f72bc5c526d7e65a16f,0x6c07b538fc627ae1465136f14f0f2e6143eeebf5,11806537,63,0xc02aaa39b223fe8d0a0e5c4f27ead9083c756cc2,0xdac17f958d2ee523a2206206994597c13d831ec7,1.0325687306562228,True,True,unexplained
aave_v2,0x8ab4a522d6ee41b27a885e9404db916a1adf50e53964ddea941aeb6df6fd88a2,0x088a309f9004320b978c96c1387f9704d7b6250d,11809731,53,0xc02aaa39b223fe8d0a0e5c4f27ead9083c756cc2,0xa0b86991c6218b36c1d19d4a2e9eb0ce3606eb48,1.0599861448304986,True,True,unexplained
aave_v2,0x0e9eea7da049cd3e89d32c79db331e658819642e98ca6c6949f812f6c6a7eebb,0x0569a5472eaa98a5753fe717aaf625f2bfbfba5a,11810328,203,0x7fc66500c84a76ad7e9c93437bfc5ac33e2ddae9,0xa0b86991c6218b36c1d19d4a2e9eb0ce3606eb48,1.0999237087170066,True,True,unexplained
aave_v2,0x9027251492c638de500d64051dbfb9cbf30272638a8d59de5c70a80911b36800,0x9aa59cb0090f6604a088b79e3da8bcf1ee1d81d4,11846209,240,0x2260fac5e5542a773aa44fbcfedf7c193bc2c599,0x0f5d2fb29fb7d3cfee444a200298f468908cc942,1.1720341396611225,True,True,unexplained
aave_v2,0xaf21f4cfbd7aaa247da32406c1fd689dc8e1ff8bf1d14075b10b953cde6c9e07,0xceee7adc8f403661fc2d72471a6e20631a5b36bf,11858553,122,0x514910771af9ca656af840dff83e8264ecf986ca,0xa0b86991c6218b36c1d19d4a2e9eb0ce3606eb48,1.094865847100597,True,True,unexplained
aave_v2,0x721944a19d7dea2190b30188df885cbf339337eb84b59ee3432489125510adbe,0xf2d373481e1da4a8ca4734b28f5a642d55fda7d3,11858608,93,0xc02aaa39b223fe8d0a0e5c4f27ead9083c756cc2,0xdac17f958d2ee523a2206206994597c13d831ec7,1.0700686521389013,True,True,unexplained
aave_v2,0x070b6b63d48bb58874fd69b1c79dba9a541e88bd0272928e3d3d7a67b893ebbf,0xe6cb101eba87c46db7bb1e27ad2bd73482837a1c,11859621,37,0xc02aaa39b223fe8d0a0e5c4f27ead9083c756cc2,0x6b175474e89094c44da98b954eedeac495271d0f,1.030468560871075,True,True,unexplained
aave_v2,0xc211f2fa19891110b0ee86ac5596b65d14276a51a6766c1ec1beaec4080dfc09,0x37aba65fea61ca66cfb421e8a90785c78be31ed1,11906154,67,0x2260fac5e5542a773aa44fbcfedf7c193bc2c599,0xa0b86991c6218b36c1d19d4a2e9eb0ce3606eb48,1.0514244284891705,True,True,unexplained
aave_v2,0x08e7f3538b87bb39f360c0dcb963273bc5ab7546ecb04bb9d5311d5eec58e094,0x6c07b538fc627ae1465136f14f0f2e6143eeebf5,11906204,246,0xc02aaa39b223fe8d0a0e5c4f27ead9083c756cc2,0x6b175474e89094c44da98b954eedeac495271d0f,1.0611026127933127,True,True,unexplained
aave_v2,0x208615c805f4cc8604a7d5b00c6fea46f1eca3c99a27db51876af5a026baa52c,0x2c4ef3a24b1f38d848283c65b05b00987ee43fd8,11906748,234,0x2260fac5e5542a773aa44fbcfedf7c193bc2c599,0xa0b86991c6218b36c1d19d4a2e9eb0ce3606eb48,1.0713491082020803,True,True,unexplained
aave_v2,0x385a907c7fe4be1d85b92e7c99a84f68f4b26cf337b0cab04d85a1213f133ce8,0x3e4875cb28a5b4a14ca7de623da2bca494801bc6,11908368,88,0xc02aaa39b223fe8d0a0e5c4f27ead9083c756cc2,0xa0b86991c6218b36c1d19d4a2e9eb0ce3606eb48,1.1484153004809698,True,True,unexplained
aave_v2,0x91824e4d1ffba9d3a7b743f324ab3db40dc7db0e5c906bda1a0834a58a1a44b5,0x2a81e3175fa5af73040a34ee51b98a4be5a1631a,11911184,180,0xc02aaa39b223fe8d0a0e5c4f27ead9083c756cc2,0xdac17f958d2ee523a2206206994597c13d831ec7,1.0659793140305935,True,True,unexplained
aave_v2,0x368f137c6e19dac7211dbbcf7f5e7860fc0344e4665dda3a8a0b0b9f42aff09b,0x2c4ef3a24b1f38d848283c65b05b00987ee43fd8,11911236,221,0x2260fac5e5542a773aa44fbcfedf7c193bc2c599,0xa0b86991c6218b36c1d19d4a2e9eb0ce3606eb48,1.0946602332297266,True,True,unexplained
aave_v2,0x79488f7c2d314ae1ef361d2a2feac76c998d139011be914c318287538008d294,0x7ab8c84ca8739f89232e2a28e1fec209b4acc23d,11911345,183,0xc02aaa39b223fe8d0a0e5c4f27ead9083c756cc2,0xa0b86991c6218b36c1d19d4a2e9eb0ce3606eb48,1.1040753703922623,True,True,unexplained
aave_v2,0xaf90fe7b095c80822a137667da5b313aec021827b1e2c4daf7b7ddcf5bc63ccf,0xf9e9d8f5998ccb5b0892f4590e3e8c8ac5b3e1bf,11911396,280,0xc02aaa39b223fe8d0a0e5c4f27ead9083c756cc2,0xdac17f958d2ee523a2206206994597c13d831ec7,1.1120967605918217,True,True,unexplained
aave_v2,0x943f82a9afe6171c468ea09a92a771e1877021a0f2ee0884935cc2d6a0c0e318,0xcbc970f4df40f7cf07622b0aa9aa7c892da6d0de,11912251,15,0xc02aaa39b223fe8d0a0e5c4f27ead9083c756cc2,0x6b175474e89094c44da98b954eedeac495271d0f,1.1900518899528818,True,True,unexplained
aave_v2,0x7ff02eb386e9afad22b569f90bb6d3f02a9b7796e2e80dd3f3cc728de93bc35b,0x63a4b834395c0dafd8f8b22bec851da5ef4a2c11,11912253,21,0xc02aaa39b223fe8d0a0e5c4f27ead9083c756cc2,0x6b175474e89094c44da98b954eedeac495271d0f,1.1959762054316554,True,True,unexplained
aave_v2,0xbec3538d1551f00e09d4d459f9fd296d8ee4a39a886adce00fbbf8b8965aae56,0xccec96a03dda5c438996701f26bef600366a137b,11914941,159,0x514910771af9ca656af840dff83e8264ecf986ca,0xa0b86991c6218b36c1d19d4a2e9eb0ce3606eb48,1.1754548188944853,True,True,unexplained
aave_v2,0xe09971c2e5c7f9f9a66a3c10579b439165841aafab9b2431b55c69ae761dd420,0x1f44b1c34a7b3c4a9e41826b528970b90226acf7,11915118,185,0xc02aaa39b223fe8d0a0e5c4f27ead9083c756cc2,0xa0b86991c6218b36c1d19d4a2e9eb0ce3606eb48,1.175233610518417,True,True,unexplained
aave_v2,0x61fa778ceeb18318f88feaed4eb3c3f61ac5cb8dfbd898034998dcd14aa922e7,0x2a81e3175fa5af73040a34ee51b98a4be5a1631a,11915329,127,0xc02aaa39b223fe8d0a0e5c4f27ead9083c756cc2,0xdac17f958d2ee523a2206206994597c13d831ec7,1.1874859041684618,True,True,unexplained
aave_v2,0xbadf4b0b38d8389a3d60a5b820364170ea94af9dcc1d9415389d9295bd53ebc2,0x0569a5472eaa98a5753fe717aaf625f2bfbfba5a,11915438,268,0x1f9840a85d5af5bf1d1762f925bdaddc4201f984,0x6b175474e89094c44da98b954eedeac495271d0f,1.210528023309702,True,True,unexplained
aave_v2,0xfb69e320a8673f5cb699d30faf22758bd9d6bbbc7e2a563871ea5b3125042e43,0x26facd73d27b480e0923a4deb0143f104cf6fabd,11928875,109,0xc02aaa39b223fe8d0a0e5c4f27ead9083c756cc2,0xdac17f958d2ee523a2206206994597c13d831ec7,1.0580479040638948,True,True,unexplained
aave_v2,0xa86bfbfa0f268cc41c3a54a04dfb73eb496137c01c75b1501b299cadb0ec65f0,0x11658a88f95dd336faaaf303751c9af5058e6ab7,11928950,233,0xc02aaa39b223fe8d0a0e5c4f27ead9083c756cc2,0xa0b86991c6218b36c1d19d4a2e9eb0ce3606eb48,1.0800312139463328,True,True,unexplained
aave_v2,0x68e2026a13fffed3efd9787e3699fafc9d60beb0e80058b76c665e9392db5919,0x2c4ef3a24b1f38d848283c65b05b00987ee43fd8,11928950,195,0x2260fac5e5542a773aa44fbcfedf7c193bc2c599,0xa0b86991c6218b36c1d19d4a2e9eb0ce3606eb48,1.0831195078050426,True,True,unexplained
aave_v2,0x63d7e6fc9da2ff934afe807974ea9f47567cc06a6670333c6404935dc2401d1d,0x3ed61895bc00f43d6dafb573d942eb672035edc1,11928950,249,0xc02aaa39b223fe8d0a0e5c4f27ead9083c756cc2,0xa0b86991c6218b36c1d19d4a2e9eb0ce3606eb48,1.0827757799911066,True,True,unexplained
aave_v2,0x7e0ff079eeb9360a6f08cf09e9fc4a414e5b77e41fcc5a02493692041c64dfc8,0xbf7da4bee1d18a6f510cf69056dd2ba8e6a9f1a6,11929460,219,0x514910771af9ca656af840dff83e8264ecf986ca,0x0000000000085d4780b73119b644ae5ecd22b376,1.0796230673916734,True,True,unexplained
aave_v2,0x170c76a92f8157cbd3be0f39ec76ed4cbbb0b6e401dc9b07af922bf2af0c616c,0x50ed6500e5e0e4ca1cf8f7006c4a4ebc469c82e1,11931437,190,0xc02aaa39b223fe8d0a0e5c4f27ead9083c756cc2,0xdac17f958d2ee523a2206206994597c13d831ec7,1.022527767793832,True,True,unexplained
aave_v2,0xe3c6c633f955b950947ce757e9af272745bdde41473a5910db7e7bf982965ca1,0x25a765945ffff231beedf9d9575852d8574beae1,11931542,242,0x514910771af9ca656af840dff83e8264ecf986ca,0xdac17f958d2ee523a2206206994597c13d831ec7,1.017987159297055,True,True,unexplained
aave_v2,0xdb7c3288c8b28b469e30fa502619878a8531e4878a648ad3744762a84ccd0f5f,0x6545910c219081b23e7b49560cba7615a1f0a535,11931555,81,0xc02aaa39b223fe8d0a0e5c4f27ead9083c756cc2,0xa0b86991c6218b36c1d19d4a2e9eb0ce3606eb48,1.0331343663042036,True,True,unexplained
aave_v2,0xeec2f46fdbb2bc4ab2b204337c76fdb63fe26feb026602f13e6f84cf24b42f65,0x73b072312c9360960e12e1558af3fbfe2ec85535,11931603,67,0x408e41876cccdc0f92210600ef50372656052a38,0xa0b86991c6218b36c1d19d4a2e9eb0ce3606eb48,1.0174048576278325,True,True,unexplained
aave_v2,0x01aa99b0252f54642a0ffab01ce126bd9be8f36f9489aac28d3bad60dce69f6d,0x6c07b538fc627ae1465136f14f0f2e6143eeebf5,11943469,150,0xc02aaa39b223fe8d0a0e5c4f27ead9083c756cc2,0x6b175474e89094c44da98b954eedeac495271d0f,1.0240371741886045,True,True,unexplained
aave_v2,0x980d545506b432c729b09d4efea928d70d9e5f71f36de69f40d6b35d00c267aa,0x9c03ee6be97c34b5ecfe4c67651d03dd13952698,11943482,197,0x2260fac5e5542a773aa44fbcfedf7c193bc2c599,0xa0b86991c6218b36c1d19d4a2e9eb0ce3606eb48,1.0590341668293826,True,True,unexplained
aave_v2,0xf733372474854a2166f7c81a9df3e741d46814878cde6c3f22c30e3ce357629a,0x8aee8a1a34348530d2dfaf90ffbc4bc00a3d4328,11943566,146,0xc02aaa39b223fe8d0a0e5c4f27ead9083c756cc2,0xa0b86991c6218b36c1d19d4a2e9eb0ce3606eb48,1.057522965408044,True,True,unexplained
aave_v2,0x4121b283253b56f2bd692c9ea0b1f5681c75a2c2cbdafd2b11b7bf75416d2757,0xcd5388e76038b9cf94690eb229c4c5c231bc8116,11943577,115,0xc02aaa39b223fe8d0a0e5c4f27ead9083c756cc2,0x6b175474e89094c44da98b954eedeac495271d0f,1.0518970203566596,True,True,unexplained
aave_v2,0x19325c08663a5ffe0a9e9d9ec923ce66c06eea6db640daed63dce36cefeb0f31,0x989b3482f2540d61e1ac2bdfceb5940e4709ac19,11944143,187,0xc02aaa39b223fe8d0a0e5c4f27ead9083c756cc2,0xa0b86991c6218b36c1d19d4a2e9eb0ce3606eb48,1.07186486570288,True,True,unexplained
aave_v2,0xa3bfc3c98c68b6c64883ac733ae67ee54cb515fdacf9c9f593f2ba044cf85f78,0x2d491a089fa87393480185312f01ec775d8bcab8,11944145,130,0xc02aaa39b223fe8d0a0e5c4f27ead9083c756cc2,0xdac17f958d2ee523a2206206994597c13d831ec7,1.0722063070711942,True,True,unexplained
aave_v2,0x6087ee34a5ca65bea3b78138a5dfef92fcfe45cfc8f92aa58eb8fcfc99f072db,0xa34e913005640240956afa4b03038b50da58d85d,11946344,189,0x408e41876cccdc0f92210600ef50372656052a38,0xdac17f958d2ee523a2206206994597c13d831ec7,1.0795565660490571,True,True,unexplained
aave_v2,0xcd99776b5d3dc46ce9a39ab4275c938e640172c245c300d81977c492eb43c045,0x29c75014f0f5fb13c86704d6f02fa34ae5dc6272,11946680,70,0x2260fac5e5542a773aa44fbcfedf7c193bc2c599,0x6b175474e89094c44da98b954eedeac495271d0f,1.10055261806891,True,True,unexplained
aave_v2,0xce35b5697a80c5742a4a6d00165f17a0ef2f446fe14609a35f7eda156bdca534,0x8aee8a1a34348530d2dfaf90ffbc4bc00a3d4328,11946708,218,0xc02aaa39b223fe8d0a0e5c4f27ead9083c756cc2,0xdac17f958d2ee523a2206206994597c13d831ec7,1.1050979976961939,True,True,unexplained
aave_v2,0x0f0687efbb0c31d4a07a0b72fdb8be7dcc31df0aa899ce1de1554ea4eb2f1c6d,0xc15753ae3b6099b8a3366b836433d6542645b876,11946736,200,0xc02aaa39b223fe8d0a0e5c4f27ead9083c756cc2,0xa0b86991c6218b36c1d19d4a2e9eb0ce3606eb48,1.1131525416910055,True,True,unexplained
aave_v2,0xc34533046575754b36c41409511b720e019431683ebabe5f875bad9f1189c744,0xad5fe0d08e83c92989421ed6ad41c50bd63bb7b0,11946740,259,0xc02aaa39b223fe8d0a0e5c4f27ead9083c756cc2,0xdac17f958d2ee523a2206206994597c13d831ec7,1.1169846752782173,True,True,unexplained
aave_v2,0x613232de163804582b53c22a031eeafc3dc6a3688bdded30709493399adf83af,0x6545910c219081b23e7b49560cba7615a1f0a535,11946744,18,0x1f9840a85d5af5bf1d1762f925bdaddc4201f984,0xa0b86991c6218b36c1d19d4a2e9eb0ce3606eb48,1.1192127801814185,True,True,unexplained
aave_v2,0x08007174e9e02cff77433626b4781dcd1823ada0b1f1b6bafb62d9d49d313b8e,0xfeed480e0e58b9e97126a49c5d33b6d185b36d7e,11965769,174,0x6b175474e89094c44da98b954eedeac495271d0f,0xf629cbd94d3791c9250152bd8dfbdf380e2a3b9c,1.0702754711706552,True,True,unexplained
aave_v2,0x079c3c4c440c199b3f4578db1cc2f5625271d0411a6547954cf5568b32cc483a,0xa1482c01ff6a35b4ee6f72c7300aa17829bafccc,11969444,195,0xc02aaa39b223fe8d0a0e5c4f27ead9083c756cc2,0xa0b86991c6218b36c1d19d4a2e9eb0ce3606eb48,1.0124901855116752,True,True,unexplained
aave_v2,0x846d9c526f50e58ceb2c4b75ab08d4da79786dd398b75215f410f685093718fc,0x6bc5f3e5a5ac9fad1302603719bf216a3a12f813,11969692,186,0x7fc66500c84a76ad7e9c93437bfc5ac33e2ddae9,0xa0b86991c6218b36c1d19d4a2e9eb0ce3606eb48,1.016401270404744,True,True,unexplained
aave_v2,0x1d9e0962f1046ebe725ee84f4b7af9841929c195f26ae980efde56fae3cb1aa8,0xe1d18ae098ffb1ad301e0609180f155b329a710a,11971490,62,0x514910771af9ca656af840dff83e8264ecf986ca,0xc02aaa39b223fe8d0a0e5c4f27ead9083c756cc2,1.0538700398245298,True,True,unexplained
aave_v2,0xd2073283c5b8d0c6c1a8765e7e6df2410fde856115ff46c1a968c4e92711b7cd,0x73b072312c9360960e12e1558af3fbfe2ec85535,11973875,61,0x408e41876cccdc0f92210600ef50372656052a38,0xa0b86991c6218b36c1d19d4a2e9eb0ce3606eb48,1.0390192384913484,True,True,unexplained
aave_v2,0xcd2e5090099c338c7d9dfe4df0c54375ed0bcd19c44d84c4f2e6a3bbb3e85578,0x73b072312c9360960e12e1558af3fbfe2ec85535,11975219,248,0x408e41876cccdc0f92210600ef50372656052a38,0xa0b86991c6218b36c1d19d4a2e9eb0ce3606eb48,1.0152356607617745,True,True,unexplained
aave_v2,0xfd9061aa4523501c42663169a7bab2b19649a1ec2936bf3859964e98f9d145b8,0x6bc5f3e5a5ac9fad1302603719bf216a3a12f813,11977190,61,0x7fc66500c84a76ad7e9c93437bfc5ac33e2ddae9,0xdac17f958d2ee523a2206206994597c13d831ec7,1.0170293768855805,True,True,unexplained
aave_v2,0xb425b10eede9cf2bfaebede8e34463cb4bd6e417f3ed85f45cd1fc39126aaf2c,0x61eccd16885460d355a470baf074c0ac93174c80,12001121,231,0x514910771af9ca656af840dff83e8264ecf986ca,0x0f5d2fb29fb7d3cfee444a200298f468908cc942,1.020470137985957,True,True,unexplained
aave_v2,0x74d16589db402b836604070927d407021af8b3d219c308e588ff74f33400c210,0x82411c684fed24666372e6381ea17777feccda08,12007989,113,0xc02aaa39b223fe8d0a0e5c4f27ead9083c756cc2,0xa0b86991c6218b36c1d19d4a2e9eb0ce3606eb48,1.0341262043008799,True,True,unexplained
aave_v2,0xcb6e455b4740ea6d09da240fafd7ea6c92ce5be7cb2314bddac2473efe083c4c,0xe1d18ae098ffb1ad301e0609180f155b329a710a,12023971,18,0xc02aaa39b223fe8d0a0e5c4f27ead9083c756cc2,0xdac17f958d2ee523a2206206994597c13d831ec7,1.0555244815905167,True,True,unexplained
aave_v2,0xd9236b4f4d4e1dc207a4e5aa495a3aea5a7f4bce55fefbaa9dc58f5089b437c3,0xa0181a7d77a4cb73c5f252c30baf085da0fae1ab,12103763,195,0x514910771af9ca656af840dff83e8264ecf986ca,0x6b175474e89094c44da98b954eedeac495271d0f,1.0125867090251965,True,True,unexplained
aave_v2,0x8692a4ecc65c3f47ce08a2e5cc27709ca27d69bde1c907773cd169cd2e3eda23,0x41928c0cd447cc1013b00a339ea319eb4751c2e0,12326450,72,0xc02aaa39b223fe8d0a0e5c4f27ead9083c756cc2,0x6b175474e89094c44da98b954eedeac495271d0f,1.016937135706038,True,True,unexplained
aave_v2,0xdcf0e32b00aa991efb5c9060ae82c35b8e1e5ce5c95351ac56b76fa250dc8dda,0x86a19282a521e83029f6d4bcae0c9512601dd458,12461991,38,0x2260fac5e5542a773aa44fbcfedf7c193bc2c599,0xdac17f958d2ee523a2206206994597c13d831ec7,1.0137687964731883,True,True,unexplained
aave_v2,0x798379e8152b665ff76842350d897ec6c24115f918d6eefc911ce3567dc17a21,0x0bf66bed1971055c5df68946d5ad094d0a9901b7,12464099,37,0xc02aaa39b223fe8d0a0e5c4f27ead9083c756cc2,0xa0b86991c6218b36c1d19d4a2e9eb0ce3606eb48,1.041096841984902,True,True,unexplained
aave_v2,0x5a267b8f1cad0f85fb4fe831925296fc061587ff5c0956c847164efccdf58878,0x0bf66bed1971055c5df68946d5ad094d0a9901b7,12464099,48,0xc02aaa39b223fe8d0a0e5c4f27ead9083c756cc2,0xa0b86991c6218b36c1d19d4a2e9eb0ce3606eb48,1.0569775788654727,True,True,unexplained
aave_v2,0x6408d6b4ca0ffdafccc63a75ae0818081518ecfdc5376a492a2c008dee148652,0x9c03ee6be97c34b5ecfe4c67651d03dd13952698,12464497,232,0x2260fac5e5542a773aa44fbcfedf7c193bc2c599,0xa0b86991c6218b36c1d19d4a2e9eb0ce3606eb48,1.0271613385727012,True,True,unexplained
aave_v2,0x337a70dd3ba3341a50410eb999a03da9437b27eb09c20e25f7d7ef92dfb500ea,0xbdfa4f4492dd7b7cf211209c4791af8d52bf5c50,12464943,143,0x0bc529c00c6401aef6d220be8c6ea1667f6ad93e,0xdac17f958d2ee523a2206206994597c13d831ec7,1.0294310587436752,True,True,unexplained
aave_v2,0xff2d484638b846a46b203a22b02d71df44bf78346c72b954ad0ad05f34b134c8,0x279a7dbfae376427ffac52fcb0883147d42165ff,12464962,89,0xd533a949740bb3306d119cc777fa900ba034cd52,0xa0b86991c6218b36c1d19d4a2e9eb0ce3606eb48,1.0406066700524272,True,True,unexplained
aave_v2,0xcc6f2bdd41aa49af64275f3b191b8814b3c558764380d5cf60732ccb2b5b3377,0x056590f16d5b314a132bbcfb1283fec5d5c6e670,12465040,136,0xc02aaa39b223fe8d0a0e5c4f27ead9083c756cc2,0xdac17f958d2ee523a2206206994597c13d831ec7,1.0161941978489388,True,True,unexplained
aave_v2,0xbbc43bbe8bfdf5544f882d0cf3beed80ba479a78f1156fd82d33dde3e24c51ec,0x3c9ea5c4fec2a77e23dd82539f4414266fe8f757,12465062,226,0xc02aaa39b223fe8d0a0e5c4f27ead9083c756cc2,0xdac17f958d2ee523a2206206994597c13d831ec7,1.0408289687751424,True,True,unexplained
aave_v2,0x19e6741599f539cc2e23eecaef9ff8573cae807a5eafd3e844ae60a310a156e2,0x9c03ee6be97c34b5ecfe4c67651d03dd13952698,12470459,147,0x2260fac5e5542a773aa44fbcfedf7c193bc2c599,0xdac17f958d2ee523a2206206994597c13d831ec7,1.0254611085099465,True,True,unexplained
aave_v2,0x311b8b7504ef6a050c76275f7ed2f13c9ef72074cc01fca494144dbf03834f69,0x0bf66bed1971055c5df68946d5ad094d0a9901b7,12473147,92,0xc02aaa39b223fe8d0a0e5c4f27ead9083c756cc2,0x6b175474e89094c44da98b954eedeac495271d0f,1.091033365422801,True,True,unexplained
aave_v2,0xca9e45f8bcc60439e039ca9fc07fec1af1016a7c9c5ffca8f4f5b9c5418634fb,0x0bf66bed1971055c5df68946d5ad094d0a9901b7,12473147,194,0xc02aaa39b223fe8d0a0e5c4f27ead9083c756cc2,0x4fabb145d64652a948d72533023f6e7a623c7c53,1.096821805021555,True,True,unexplained
aave_v2,0x09c8238be5b20dbf0a7ccba25dbbf68a90e9ac48889cf457d9a87e9a9064dadc,0x5dc50055bc813c9910e406b786e45a5ae4f8ad5b,12478244,54,0x2260fac5e5542a773aa44fbcfedf7c193bc2c599,0xdac17f958d2ee523a2206206994597c13d831ec7,1.0228612620429298,True,True,unexplained
aave_v2,0x40da5969cd6097259b2ccc77b9518dc43e04c298b449a31a37bdee401b1364ab,0x31adfbf4f653bcdc3a12c889fa721ee76605ffa8,12480092,145,0x2260fac5e5542a773aa44fbcfedf7c193bc2c599,0xdac17f958d2ee523a2206206994597c13d831ec7,1.0167511337229056,True,True,unexplained
aave_v2,0xe41613da1e05b65762488f4bd5c2868a827ddd961f0caf7016b8afa94a9b7d5a,0xb4010a1338d6e7c5921151f659836ad340af87df,12480863,76,0x514910771af9ca656af840dff83e8264ecf986ca,0x6b175474e89094c44da98b954eedeac495271d0f,1.022023105088258,True,True,unexplained
aave_v2,0xd1460d20761ef4b309d917065d81ab86d5c0a7e9fa4e5ccdd5729fa995bd0b19,0xc6af628071cfb5d378df6f6f3b5e1abfe5bff2d7,12482063,265,0x2260fac5e5542a773aa44fbcfedf7c193bc2c599,0x6b175474e89094c44da98b954eedeac495271d0f,1.0140913691579394,True,True,unexplained
aave_v2,0x9d0fe6705aac764c8393ff7da03959cda0f7d89b06b057c2623f93e50abd5bf9,0x7c8d73e94d36865fb1deaab75dd26b91ac95f45f,12482260,126,0x7fc66500c84a76ad7e9c93437bfc5ac33e2ddae9,0xa0b86991c6218b36c1d19d4a2e9eb0ce3606eb48,1.018552907043178,True,True,unexplained
aave_v2,0xea4952d0d37bf5a605fe9133dc73fe19fe53174657ebf26232da30bd302375cd,0x001a642d2095f8864d0f9a256ada847bb2e19520,12489451,287,0x2260fac5e5542a773aa44fbcfedf7c193bc2c599,0x0000000000085d4780b73119b644ae5ecd22b376,1.0140182830346245,True,True,unexplained
aave_v2,0xeefb69c88dc47af9fb43bd47431e93e75b7dda65b011f3a7f12de32f27dfdc4a,0x30653411eb9f2560883c9ba1e2133d66a5610936,12489463,194,0x7fc66500c84a76ad7e9c93437bfc5ac33e2ddae9,0xa0b86991c6218b36c1d19d4a2e9eb0ce3606eb48,1.0198071635632078,True,True,unexplained
aave_v2,0x269bb5ff073373cb376141b30ad0d9c991f3cbd6165966dbeb9d10d4879d2bac,0xc01168001d29f28c7d20c8ca65b6e53f185a7e71,12489466,128,0x514910771af9ca656af840dff83e8264ecf986ca,0x6b175474e89094c44da98b954eedeac495271d0f,1.0120553832166426,True,True,unexplained
aave_v2,0x3bca009282e94e417398ea5d74572c09c2aaee90688bfb4afa8a233eab0c9731,0xd852b4b77417368d579c1bee592f3f630028b25e,12489601,427,0x8798249c2e607446efb7ad49ec89dd1865ff4272,0x6b175474e89094c44da98b954eedeac495271d0f,1.1377254551220735,True,True,unexplained
aave_v2,0x357e8cc4157a323e584bf48bc1f43c906b4671a573af92d05e7bc970ab5a26bc,0x4e7e322cedd9c7c4a80fceb01f6a1e8b872a99c4,12489625,320,0x2260fac5e5542a773aa44fbcfedf7c193bc2c599,0xa0b86991c6218b36c1d19d4a2e9eb0ce3606eb48,1.0133774678493712,True,True,unexplained
aave_v2,0x1f7ab3d660d516ca8b7d5408b2184e34ec2d37148b57307a1d54619107dcfacc,0x8c087d7f52b929fd4bc9f745c3034f1c462d1879,12489708,309,0x514910771af9ca656af840dff83e8264ecf986ca,0xa0b86991c6218b36c1d19d4a2e9eb0ce3606eb48,1.010157831205641,True,True,unexplained
aave_v2,0x62d87d4909fe6ee7cb5bc24dedfa8f6121d7eff1b777b3e7d432e90f1818b59e,0x78cbc5e9eb4f96e5ced75819e76634a768b57e07,12490222,101,0x514910771af9ca656af840dff83e8264ecf986ca,0xa0b86991c6218b36c1d19d4a2e9eb0ce3606eb48,1.0722416236894026,True,True,unexplained
aave_v2,0x53e38d97aeede83d0bf798916c3563c0976304abb50dee0d3e560db624ddd2e4,0x001a642d2095f8864d0f9a256ada847bb2e19520,12490562,205,0x2260fac5e5542a773aa44fbcfedf7c193bc2c599,0x57ab1ec28d129707052df4df418d58a2d46d5f51,1.0175091715778124,True,True,unexplained
aave_v2,0x5388dcd352bd23fc25df886084054f2df6a650f1696cbf66e1eebfc1dd65ca50,0x607f7153e585fd3c215be30e41fc9ab1d545b864,12490578,82,0x514910771af9ca656af840dff83e8264ecf986ca,0x6b175474e89094c44da98b954eedeac495271d0f,1.016198133981484,True,True,unexplained
aave_v2,0x6d52bebd4ea3301764222cdfa86a64328caf59c79e1fb11ed944d7e0cca23cb5,0xd1a83a93f553d87e2927f18497ec6d5ac0465e65,12490712,310,0x2260fac5e5542a773aa44fbcfedf7c193bc2c599,0xa0b86991c6218b36c1d19d4a2e9eb0ce3606eb48,1.0140387608909,True,True,unexplained
aave_v2,0x0c9db1a651bcb30501a21ee975bc66e75facebfd4d24dd0920d0b27d920c6a50,0x408054d6a13775fd3f916f8aa13df6bccdd0505e,12491621,289,0xc02aaa39b223fe8d0a0e5c4f27ead9083c756cc2,0xdac17f958d2ee523a2206206994597c13d831ec7,1.3219555761613158,True,True,unexplained
aave_v2,0xd80f082bfc365cb343d5be957e028ab6c8cace62e9e16a0bd4329197b8905881,0x408054d6a13775fd3f916f8aa13df6bccdd0505e,12491621,315,0xc02aaa39b223fe8d0a0e5c4f27ead9083c756cc2,0xdac17f958d2ee523a2206206994597c13d831ec7,1.3976779490424116,True,True,unexplained
aave_v2,0x8c1abe7e0d875d7e5fd3c7ee95778b461ed420b98e7c71873ded1a2230429f92,0xe351a964c68e0b6da5c90f6f4ec702a5c53bb250,12493560,296,0xc02aaa39b223fe8d0a0e5c4f27ead9083c756cc2,0xdac17f958d2ee523a2206206994597c13d831ec7,1.01788438664785,True,True,unexplained
aave_v2,0x050b65a99ebf80b7a28d6c3aa6b7288e177a6102064c53bc9c4d502d974cb9e0,0x0bf66bed1971055c5df68946d5ad094d0a9901b7,12496457,180,0xc02aaa39b223fe8d0a0e5c4f27ead9083c756cc2,0x4fabb145d64652a948d72533023f6e7a623c7c53,1.1018613101475068,True,True,unexplained
aave_v2,0x47f2d5d7f3b78a41d94e629b3838c145f97bd60c241fe679f412f15d226b643a,0x0bf66bed1971055c5df68946d5ad094d0a9901b7,12496457,196,0xc02aaa39b223fe8d0a0e5c4f27ead9083c756cc2,0x4fabb145d64652a948d72533023f6e7a623c7c53,1.1422813477292226,True,True,unexplained
aave_v2,0x07b3f57c0a970749b24f3a06e6299cee84f37ccbc349bde1769f7709c91d867d,0xc6af628071cfb5d378df6f6f3b5e1abfe5bff2d7,12594697,56,0x2260fac5e5542a773aa44fbcfedf7c193bc2c599,0x6b175474e89094c44da98b954eedeac495271d0f,1.0317731647146746,True,True,unexplained
aave_v2,0xbf6bd8e03ce976e9e7e13e0e0cdac6292ad04bd78d0478bdef17590b40208214,0xade672c2c756c0d486528c9eb60389bfb5f38179,12679042,23,0x2260fac5e5542a773aa44fbcfedf7c193bc2c599,0xdac17f958d2ee523a2206206994597c13d831ec7,1.0115190373622949,True,True,unexplained
aave_v2,0x850977ea98ab6e97a71cc52a8a859b50253c4376ff48af08aaefc886e46eb419,0x81ce167f83473f1eaf59e356a4526ab05333fe4f,12681709,29,0x1f9840a85d5af5bf1d1762f925bdaddc4201f984,0x6b175474e89094c44da98b954eedeac495271d0f,1.0190159776801049,True,True,unexplained
aave_v2,0x59d681cfc2e7b0ba1b6962a83c99f6e8586e563cffe139e88cb12d1b2f6da6e6,0x232f12d53fbfb7d11e432de791d336bd5174bc91,12684280,302,0x2260fac5e5542a773aa44fbcfedf7c193bc2c599,0xdac17f958d2ee523a2206206994597c13d831ec7,1.0139067572611644,True,True,unexplained
aave_v2,0x677db6af41e7074f8bafc27d173d876a6d134174ceb66d18355ab2fe1e2ba1e1,0x0962133684a7f442ed94bb2c56852ea5229303c0,12691816,30,0x514910771af9ca656af840dff83e8264ecf986ca,0x0000000000085d4780b73119b644ae5ecd22b376,1.016467799112144,True,True,unexplained
aave_v2,0xcc6525accd7664b308c586fbf639ea239ec47838bfdbb45f276d2fc0b9103185,0x3398e16273caf020e78c9700b6c642f778b4dceb,12704522,76,0x1f9840a85d5af5bf1d1762f925bdaddc4201f984,0x0000000000085d4780b73119b644ae5ecd22b376,1.0390367880316864,True,True,unexplained
aave_v2,0x59a570d54096c0a01032b65ef3be57287c9a8e00f20d5adfca8f929395af70c2,0xe338b76a3ae4ce0cf13e1c2b126561f1bbefe66f,12708484,253,0xc02aaa39b223fe8d0a0e5c4f27ead9083c756cc2,0xa0b86991c6218b36c1d19d4a2e9eb0ce3606eb48,1.0137446091662052,True,True,unexplained
aave_v2,0x691b6320e4944243fc3fe0ba5f42b0b0779c1b1cd9c2cb204ba37309266e8350,0xbd17dd50569ee05a0d34455d7905b728b88c12c6,12709625,30,0x514910771af9ca656af840dff83e8264ecf986ca,0x6b175474e89094c44da98b954eedeac495271d0f,1.0180673010947676,True,True,unexplained
aave_v2,0x6c2dbbfc07e9e130b999f25b7e7b6865ec943448a6f5530906fb35723df5f1c6,0xe338b76a3ae4ce0cf13e1c2b126561f1bbefe66f,12813608,82,0xc02aaa39b223fe8d0a0e5c4f27ead9083c756cc2,0xdac17f958d2ee523a2206206994597c13d831ec7,1.0234800790418437,True,True,unexplained
aave_v2,0x049c5e92b793e0d7bf23b6485de68f2b94603f060916a07a6dc868c0b184529d,0x9bab26db5790a14f9580433cf7958c6e5d6c7412,12855343,26,0x514910771af9ca656af840dff83e8264ecf986ca,0x6b175474e89094c44da98b954eedeac495271d0f,1.0243228969188458,True,True,unexplained
aave_v2,0x2d77a304e83f55f10083ed72ae28bbdc0bb99ae0d45a878cc83df936d2a736dd,0x49ed1e148c70d565ce5b514855e5b8c9618b4475,12860751,331,0x514910771af9ca656af840dff83e8264ecf986ca,0xa0b86991c6218b36c1d19d4a2e9eb0ce3606eb48,1.0101110085061562,True,True,unexplained
aave_v2,0xb1421c5e9281b034a493c32c171678ce07ff39d92e2d5e49592cba27e7cc3e0d,0x979cf5bdeb843de89de3287908fb5fcac7297563,12862728,360,0x514910771af9ca656af840dff83e8264ecf986ca,0xa0b86991c6218b36c1d19d4a2e9eb0ce3606eb48,1.023545901809251,True,True,unexplained
aave_v2,0x01ee8f22094cbc1c1730b44b121a6b1b058d0c7aefda75e5e0635bf9595ca663,0xe6cb101eba87c46db7bb1e27ad2bd73482837a1c,13028990,88,0xc02aaa39b223fe8d0a0e5c4f27ead9083c756cc2,0x6b175474e89094c44da98b954eedeac495271d0f,1.0198612668505047,True,True,unexplained
aave_v2,0xbb9f6567140bc82c2d074e3ed3147c65badef1680dce6985e17db0ca4ddf0236,0xb532cfadbe308a75d2fdfdc6de28a0cfe0dbb70d,13352340,27,0x2260fac5e5542a773aa44fbcfedf7c193bc2c599,0xa0b86991c6218b36c1d19d4a2e9eb0ce3606eb48,1.0200732332110278,True,True,unexplained
aave_v2,0x17403311a6303ec015e2131986e7c5a60d462dc3ff0173bdbc56d716a8fb03a8,0xd978f6ae3377c1a2bd74741ada0398b7fe16ba01,14053038,105,0x0d8775f648430679a709e98d2b0cb6250d2887ef,0xa0b86991c6218b36c1d19d4a2e9eb0ce3606eb48,1.0102543411984206,True,True,unexplained
aave_v2,0x869d11d7d58e675a41a67a3cc7a0e21e89253c92728c32a2b43f62e53ca13dca,0xa2c9aa6d3312d0e50e9f5181f14c3e7b29fb5dd4,14054701,286,0x514910771af9ca656af840dff83e8264ecf986ca,0xdac17f958d2ee523a2206206994597c13d831ec7,1.0110580029564518,True,True,unexplained
aave_v2,0x78244615062794a186d35bfafdf65afe5bfe89e9f59c910bbb28777e89f981dd,0x5dceb29305e5fc43bfca027dda0d6fa053eaa7b0,14054782,211,0xc02aaa39b223fe8d0a0e5c4f27ead9083c756cc2,0xdac17f958d2ee523a2206206994597c13d831ec7,1.0122387124165462,True,True,unexplained
aave_v2,0xb8d5675f52bd63e6377fe3be01f20b02fe085f638eacebdd523028a5d81c9081,0x5b5897f663afd41399dd8a121d5bcfe3e70c513e,14054806,263,0x514910771af9ca656af840dff83e8264ecf986ca,0xa0b86991c6218b36c1d19d4a2e9eb0ce3606eb48,1.0300622717846644,True,True,unexplained
aave_v2,0xd11fa9dd4a8a712b6046ba1878b1546a946c76ca3ba472f59221183e55532a10,0x80b971dd09aa371929fdff45faf42b16ef93bc5c,14067729,218,0x514910771af9ca656af840dff83e8264ecf986ca,0xa0b86991c6218b36c1d19d4a2e9eb0ce3606eb48,1.01529265313007,True,True,unexplained
aave_v2,0xd5f20188963730dec7238bff7e3805abbc8dbcb6917cb2c1d83b5b8991542988,0x78cbc5e9eb4f96e5ced75819e76634a768b57e07,14183398,86,0x514910771af9ca656af840dff83e8264ecf986ca,0xa0b86991c6218b36c1d19d4a2e9eb0ce3606eb48,1.156788179565086,True,True,unexplained
aave_v2,0x70fc06778647d38604d259731748f6578da6cb73c9f5a87067d18b726577f80f,0xba38e781c9fb1a80717ced6bf7a5d4a26f85b1d1,14189818,600,0xc02aaa39b223fe8d0a0e5c4f27ead9083c756cc2,0x6b175474e89094c44da98b954eedeac495271d0f,1.0195735709230205,True,True,unexplained
aave_v2,0x6e778eb00e414450b279f4f9b1f73ac357e1911485ce362acb5d8e14a4cc5a6a,0x087fc6c0afdfcdd87dace9445ed6d8c07eb19399,14202265,30,0xc02aaa39b223fe8d0a0e5c4f27ead9083c756cc2,0xdac17f958d2ee523a2206206994597c13d831ec7,1.0276963948357736,True,True,unexplained
aave_v2,0x3a87ff0f8ee6f81ac26de02ab5a62d59b0d302cb5302c012fd3e748b988621a4,0x62c1b4ed079a159f06c7d2b8bf9c869a8041f7f1,14255241,71,0xc02aaa39b223fe8d0a0e5c4f27ead9083c756cc2,0xdac17f958d2ee523a2206206994597c13d831ec7,1.0162454978950717,True,True,unexplained
aave_v2,0x3d753dac11a54ddb96c58daa8eebca1c12786b54d5d902d5497e329a93b6a1d6,0x69a5f4847712a2fbc0063640c3299c26b2280cf5,14266264,31,0x514910771af9ca656af840dff83e8264ecf986ca,0xdac17f958d2ee523a2206206994597c13d831ec7,1.0112035499120868,True,True,unexplained
aave_v2,0x711faecc0e2896bd6389d9c39ffa06885dd5477c0f0d7db25e1083699bbe2e1b,0x1ea898c6b176bf436b841f184cc221c2ae1dc572,14266289,134,0x514910771af9ca656af840dff83e8264ecf986ca,0xdac17f958d2ee523a2206206994597c13d831ec7,1.0165637333029836,True,True,unexplained
aave_v2,0xc9d0ae6310f3a1d410cccd3a00994b06638eb2f99c7830dd7eded90febe66561,0x83644e2cfd9ee04df0fac68fb3674e50f88c9d21,14266306,40,0x514910771af9ca656af840dff83e8264ecf986ca,0x6b175474e89094c44da98b954eedeac495271d0f,1.0307724543365342,True,True,unexplained
aave_v2,0x1a43e2ecb63598b3b7e48979b82f1021c2c211b910ff3d5e670f3bf3b209ae0a,0xba38e781c9fb1a80717ced6bf7a5d4a26f85b1d1,14279674,231,0xc02aaa39b223fe8d0a0e5c4f27ead9083c756cc2,0xa0b86991c6218b36c1d19d4a2e9eb0ce3606eb48,1.0287761509783173,True,True,unexplained
aave_v2,0xaacffb6f99986773c89a81778806df6e28553c9d6f4ff93668e8a00479aeb2cf,0x19361beedbec613ebada5fe159a8c408e1db4a99,14377269,141,0x408e41876cccdc0f92210600ef50372656052a38,0x6b175474e89094c44da98b954eedeac495271d0f,1.0236667979160827,True,True,unexplained
aave_v2,0x700584537130305558bf0c90ed04d397f2477970e321cfcccbe56486abb60482,0x68dd8f58152482a063ea23e34408ab91940dbb92,14688415,89,0x514910771af9ca656af840dff83e8264ecf986ca,0xdac17f958d2ee523a2206206994597c13d831ec7,1.0200000375250946,True,True,unexplained
aave_v2,0x9603d6adbd7990e65ce54f87f825ce9ad0c52f55b5ef019648432a8d4e87a231,0x09ad8015dc0f4ea37e8c7cbc189dccd4303bd8f2,14723844,142,0x514910771af9ca656af840dff83e8264ecf986ca,0xa0b86991c6218b36c1d19d4a2e9eb0ce3606eb48,1.0173061816395361,True,True,unexplained
aave_v2,0xc35b0fc81d8234a06eee729d1143d329b6f792e93ef92e6f26e50f58ac04fc6d,0xdfc88d1cdda2ad1e4226b7c0b19309808d1ab1b5,14723874,62,0x2260fac5e5542a773aa44fbcfedf7c193bc2c599,0x6b175474e89094c44da98b954eedeac495271d0f,1.1007309715442128,True,True,unexplained
aave_v2,0x33b0a7071897aa9f14530e983fbc9eb5fd269e83b6afd7b4f786f0395c2f7843,0xe6cb101eba87c46db7bb1e27ad2bd73482837a1c,14732155,106,0x0000000000085d4780b73119b644ae5ecd22b376,0xa0b86991c6218b36c1d19d4a2e9eb0ce3606eb48,1.014267598396778,True,True,unexplained
aave_v2,0x73340c199d2766d9c24c59a5fb9ad79d11cbb488467e71933a55405013b4f9f3,0xfcf85be66c64a8230919dbb9be7e7a4a5c3ef318,14733985,44,0xc02aaa39b223fe8d0a0e5c4f27ead9083c756cc2,0xa0b86991c6218b36c1d19d4a2e9eb0ce3606eb48,1.1002412720218937,True,True,unexplained
aave_v2,0x4920ba0ae40cf7aedcd3ffa3db8dbe5d09c80bcfdd71521a7282dc96be0a350f,0x22866c5c7f2b5475cff41465c53aa813b4c22b13,14739869,118,0xba100000625a3754423978a60c9317c58a424e3d,0x6b175474e89094c44da98b954eedeac495271d0f,1.02163463352709,True,True,unexplained
aave_v2,0xd6c56f25f6a2fd0fd710ac97fa4ff8c7365f255b30568c7022cb69d7cd111ddb,0x25469312786ade4143e862e5ba7b8acaa3f699e8,14739890,78,0xc02aaa39b223fe8d0a0e5c4f27ead9083c756cc2,0xdac17f958d2ee523a2206206994597c13d831ec7,1.0121285628913288,True,True,unexplained
aave_v2,0xaff2a6eef5321be58f2ce5964aa4a5e21d10023a6c658984666b821333e8b900,0xf10aff2309dc9259d2587a41ca2a22b91f99b6cf,14741388,221,0xf629cbd94d3791c9250152bd8dfbdf380e2a3b9c,0x6b175474e89094c44da98b954eedeac495271d0f,1.0468436894751791,True,True,unexplained
aave_v2,0x501ad1562d9b0cda55fd4060fc5532dd2bcb17e519186f3ca6c1d7e9d0454349,0xe24df5791665c1e56028575bcfcbbe0c0e5f7977,14741867,59,0x514910771af9ca656af840dff83e8264ecf986ca,0x6b175474e89094c44da98b954eedeac495271d0f,1.044757174873992,True,True,unexplained
aave_v2,0x969781a6fefa9e277d865c405e828ab1a33242c4fbb985b3b518656d6922c211,0x7755c5a4f81621db62c4d7e3e82a5729c2610916,14741907,289,0xc02aaa39b223fe8d0a0e5c4f27ead9083c756cc2,0xdac17f958d2ee523a2206206994597c13d831ec7,1.0217790643644982,True,True,unexplained
aave_v2,0x1417bc2a73717de8244e43590a2079c44629ec1cbc631b1edf8168ef399712fc,0xa5de0cb3511eef73b72bb53560a3862ea4e6e836,14741923,459,0xc02aaa39b223fe8d0a0e5c4f27ead9083c756cc2,0xa0b86991c6218b36c1d19d4a2e9eb0ce3606eb48,1.0153605031631947,True,True,unexplained
aave_v2,0xa0cbebf10982d517ae66de452de818f407d49c89a1d44f11e802e827f757ae60,0x18e87bc255040810bede0941a65768ecb2bd5d0e,14741980,141,0x514910771af9ca656af840dff83e8264ecf986ca,0xdac17f958d2ee523a2206206994597c13d831ec7,1.0122814370078639,True,True,unexplained
aave_v2,0xa6a4fabeeeeb8d05d1eb3a1b82cb00a0fddb3411a8c0bd7d05841e53f2c939a4,0x22866c5c7f2b5475cff41465c53aa813b4c22b13,14742020,250,0xc02aaa39b223fe8d0a0e5c4f27ead9083c756cc2,0xa0b86991c6218b36c1d19d4a2e9eb0ce3606eb48,1.0292506233294771,True,True,unexplained
aave_v2,0x6028bc62a694583446c4089885364e9759a4dd06b9b64728be0cdeb46bd2224c,0x79b84b0d1258a38fb75fc6f9d01f6aa054a28948,14742022,206,0x514910771af9ca656af840dff83e8264ecf986ca,0xdac17f958d2ee523a2206206994597c13d831ec7,1.0768140195219134,True,True,unexplained
aave_v2,0x4d8d7b1e399b797ad91ddf94e0b4b0507f74824001f3af5c3a00d97746de64d9,0xc6af628071cfb5d378df6f6f3b5e1abfe5bff2d7,14742030,445,0x2260fac5e5542a773aa44fbcfedf7c193bc2c599,0x6b175474e89094c44da98b954eedeac495271d0f,1.2491819261827706,True,True,unexplained
aave_v2,0x90a6e3c9db4ec70f0a6274f6dacca0448a01e52ad40b1482d6ca7701cc4551dc,0x39a8c701cf1bd84b22c2f49bd9dcae3f64da0f17,14743469,108,0x514910771af9ca656af840dff83e8264ecf986ca,0xa0b86991c6218b36c1d19d4a2e9eb0ce3606eb48,1.0296917143380793,True,True,unexplained
aave_v2,0xa09d94e8340c1638ccb6ce1447bde9839c75885152f39dea253007786966315c,0xa4874622027fde1cca70bf0e84310cb5bf0585c6,14743494,82,0x514910771af9ca656af840dff83e8264ecf986ca,0xdac17f958d2ee523a2206206994597c13d831ec7,1.1478777852688031,True,True,unexplained
aave_v2,0xa30495b0d34a42a1c322a5f96378b96f5b0ea1b44852320214d0217d58207e4b,0x22866c5c7f2b5475cff41465c53aa813b4c22b13,14743516,84,0xc02aaa39b223fe8d0a0e5c4f27ead9083c756cc2,0x6b175474e89094c44da98b954eedeac495271d0f,1.0437291584275215,True,True,unexplained
aave_v2,0x1efcfda3ed4609c487e4901e61126bef0f7b26e3da599974d0385a8855eddc04,0x4dccf5982d97a958b224522506daaa65c28e12d9,14743536,23,0x2260fac5e5542a773aa44fbcfedf7c193bc2c599,0x0000000000085d4780b73119b644ae5ecd22b376,1.0512328740571835,True,True,unexplained
aave_v2,0x98b5fcf8e489d189f868a48ec40ee937a0157af3efdffc450a942ffcbade7a3d,0xa5de0cb3511eef73b72bb53560a3862ea4e6e836,14743566,127,0x514910771af9ca656af840dff83e8264ecf986ca,0x6b175474e89094c44da98b954eedeac495271d0f,1.0238430683963575,True,True,unexplained
aave_v2,0x7873fef8d9a158ff1ac9db4a49732ea8c0f23bf18d20d1dfcb8c4d2c548e1d54,0x22866c5c7f2b5475cff41465c53aa813b4c22b13,14745325,84,0x7fc66500c84a76ad7e9c93437bfc5ac33e2ddae9,0xa0b86991c6218b36c1d19d4a2e9eb0ce3606eb48,1.0615653906527494,True,True,unexplained
aave_v2,0x12512e9d69f4aff79dd50e1155dc757d7b62815440f78beed8d791ef8d42354b,0x349a4fd3d747caabfbd26fc9e7b3cb8d256b5f0a,14745499,61,0xc02aaa39b223fe8d0a0e5c4f27ead9083c756cc2,0xa0b86991c6218b36c1d19d4a2e9eb0ce3606eb48,1.0590295274505535,True,True,unexplained
aave_v2,0x3f51bb8eb7c562348ad2f802614ed7f365adf13ac6d98776ade1fae34cd95f5e,0xa5de0cb3511eef73b72bb53560a3862ea4e6e836,14756022,93,0xc02aaa39b223fe8d0a0e5c4f27ead9083c756cc2,0xa0b86991c6218b36c1d19d4a2e9eb0ce3606eb48,1.033444633060867,True,True,unexplained
aave_v2,0x6c720646b98c10a5f3caccd57de63056719a226ec90f9bb198f80fac2debdaa7,0x3f11e27d352a43794b6bba2888e618f9b88d9f0a,14756179,11,0x7fc66500c84a76ad7e9c93437bfc5ac33e2ddae9,0xa0b86991c6218b36c1d19d4a2e9eb0ce3606eb48,1.0294649603839119,True,True,unexplained
aave_v2,0x15ac4243e1ac8c23b87c0ad2943f8bf8e135231e98f888b2ad657f98ff4e6d62,0xd542f0a9e946234781b0dc97d5e92daac5cca79f,14756235,130,0xc02aaa39b223fe8d0a0e5c4f27ead9083c756cc2,0x6b175474e89094c44da98b954eedeac495271d0f,1.149353039081933,True,True,unexplained
aave_v2,0x580489f35a254d2f1630e895680e6736c10b82076e55c79fcd6076ebc3155f49,0x22d6307c8648d3281c4d73f7d036b9c8df058024,14757017,182,0xc18360217d8f7ab5e7c516566761ea12ce7f9d72,0x6b175474e89094c44da98b954eedeac495271d0f,1.0286847833934383,True,True,unexplained
aave_v2,0x36be0e696609bc108ec36dab2a2fd7509583b120c6d8242b771816371441faef,0xc6b6bbcb77614acc192c352b15fb96f6ec010e4b,14757248,144,0x514910771af9ca656af840dff83e8264ecf986ca,0xa0b86991c6218b36c1d19d4a2e9eb0ce3606eb48,1.0306120357365047,True,True,unexplained
aave_v2,0x6d74a1ac7fac77e8e7f49b389162043211935f38cac5cee5eda6ebefb07d1db3,0xbc1ab066bd4ffda0966bfe6343cbc62ea50d517a,14757748,267,0xc02aaa39b223fe8d0a0e5c4f27ead9083c756cc2,0xdac17f958d2ee523a2206206994597c13d831ec7,1.0251345805312817,True,True,unexplained
aave_v2,0x04e9fd9ef15a96eec0fe03b2ce3418f4a8d53dc3634a6a5658e299014875e357,0x22866c5c7f2b5475cff41465c53aa813b4c22b13,14758936,199,0x8798249c2e607446efb7ad49ec89dd1865ff4272,0x6b175474e89094c44da98b954eedeac495271d0f,1.020779935261104,True,True,unexplained
aave_v2,0x89a8d69ebfb4c4a374a93919621baeb0dfa1ba16c13dcd7125b925e1e1ba68ee,0x95be77899b6af2308344d5f1a62c01a98f152737,14759002,92,0x514910771af9ca656af840dff83e8264ecf986ca,0xa0b86991c6218b36c1d19d4a2e9eb0ce3606eb48,1.0369229972188942,True,True,unexplained
aave_v2,0x9b0610bab5cf2fe14d6e129641dc21288e9457875c63285755c258ebe63767e8,0xb3b514ca39fc1def0e970d0af228ffbd41cc06de,14759188,517,0x1494ca1f11d487c2bbe4543e90080aeba4ba3c2b,0xdac17f958d2ee523a2206206994597c13d831ec7,1.1805236997460622,True,True,unexplained
aave_v2,0x861703948d0d48fae6c4555abb2efb0b20a138ea42cbd45f90f54988565c7373,0x2bb6d3dd0ffd85ead4caa06ccbad75636956ca8a,14762497,78,0xc02aaa39b223fe8d0a0e5c4f27ead9083c756cc2,0xdac17f958d2ee523a2206206994597c13d831ec7,1.0281322557850845,True,True,unexplained
aave_v2,0xd6173f9cf3332d0636f29ccbc717f8839909b0e2edd98d00e1430a8219407305,0x23f7c7d09f1d9fb6d182e910ccaaed37ddd87429,14763433,554,0xc02aaa39b223fe8d0a0e5c4f27ead9083c756cc2,0xa0b86991c6218b36c1d19d4a2e9eb0ce3606eb48,1.0362971281043827,True,True,unexplained
aave_v2,0x27aae9a2d17aca056ed776727b656cc53b3574fe5ec55dc19cbd58e64c3d679c,0x42275eea81d6eba5ba00718e85af8080dd38069d,14764170,22,0x9f8f72aa9304c8b593d555f12ef6589cc3a579a2,0xdac17f958d2ee523a2206206994597c13d831ec7,1.042468923992668,True,True,unexplained
aave_v2,0xa4ec809d437adf122defabcf5cae8cd39d2eabdaa78302cf6171428ba896bbf7,0x001a642d2095f8864d0f9a256ada847bb2e19520,14801672,167,0xc02aaa39b223fe8d0a0e5c4f27ead9083c756cc2,0xdac17f958d2ee523a2206206994597c13d831ec7,1.0263754008221486,True,True,unexplained
aave_v2,0xb72b01631b792a6ba9b52b0f7865ecbbeb4cf813d8b99ffdf038db412ccb2863,0xa33c9d5ed0b75bb86c3e6139707735694bf2d6e9,14846267,52,0xc02aaa39b223fe8d0a0e5c4f27ead9083c756cc2,0xdac17f958d2ee523a2206206994597c13d831ec7,1.2553237912594397,True,True,unexplained
aave_v2,0xb3d67d3634688a9de289b774e156ee4c15ceceebf229b1d93bcd83b1a557bf65,0x7510a6e98ef606c998571f2e91991c016c35df1a,14846960,64,0xc02aaa39b223fe8d0a0e5c4f27ead9083c756cc2,0xdac17f958d2ee523a2206206994597c13d831ec7,1.152417871445787,True,True,unexplained
aave_v2,0xcc9f6ad0e61d10bb67c263bc3b8098b200a72cb571d779c567583eeff4d6d6ff,0x349a4fd3d747caabfbd26fc9e7b3cb8d256b5f0a,14847080,207,0x1494ca1f11d487c2bbe4543e90080aeba4ba3c2b,0xa0b86991c6218b36c1d19d4a2e9eb0ce3606eb48,1.1992194478433544,True,True,unexplained
aave_v2,0xe1cf3fbf6a8935cefd9e1944f068dce70bd17c3ad552542400a8b17adcd154db,0x22866c5c7f2b5475cff41465c53aa813b4c22b13,14847117,57,0xba100000625a3754423978a60c9317c58a424e3d,0xa0b86991c6218b36c1d19d4a2e9eb0ce3606eb48,1.013540518739812,True,True,unexplained
aave_v2,0x48b2997efa8b80eeeff454002e1c7fc1dd01f6c971dd844092cb4e64c09749dc,0xefc93bd404a8242333f7c727a418bd5b45e705df,14848203,61,0xc02aaa39b223fe8d0a0e5c4f27ead9083c756cc2,0x6b175474e89094c44da98b954eedeac495271d0f,1.0638500625449476,True,True,unexplained
aave_v2,0x7cae8a7e2bf3cdeac2c348985fba7b9822ddd1d13224d0f174b2109fba5dd8ab,0x22866c5c7f2b5475cff41465c53aa813b4c22b13,14855773,90,0x514910771af9ca656af840dff83e8264ecf986ca,0x6b175474e89094c44da98b954eedeac495271d0f,1.017225106246545,True,True,unexplained
aave_v2,0x61754d4a8bed657d5f10e240e610ba605e2a5a31b2c332041a3b5c9cf4a441fb,0xa1bd49571a4117a479d08eafdc81d362f1d4a185,14939609,64,0xc02aaa39b223fe8d0a0e5c4f27ead9083c756cc2,0x6b175474e89094c44da98b954eedeac495271d0f,1.2806431872252304,True,True,unexplained
aave_v2,0xfecb82bb3d30425cf463d3dc712f5691252c39ca7f3c6a7ca87c0da7b749efa8,0x22866c5c7f2b5475cff41465c53aa813b4c22b13,14943428,271,0x0f5d2fb29fb7d3cfee444a200298f468908cc942,0xa0b86991c6218b36c1d19d4a2e9eb0ce3606eb48,1.0175638939793266,True,True,unexplained
aave_v2,0x7603bbac67a194f7f4b4bb2ea1d8176cb6ba7ded0be5def86b10f985653a2202,0x7ac096d32eac2464962103238b89370003b8e108,14943988,16,0xc02aaa39b223fe8d0a0e5c4f27ead9083c756cc2,0x6b175474e89094c44da98b954eedeac495271d0f,1.0105919391016238,True,True,unexplained
aave_v2,0xd3ced39b5a69ddf5db619eac0fbe8a6b4c4ead6bcbe306856c71341fa61e4d7a,0xf863a87d2ee79a3be1611abf68450e8a477ee970,14943988,93,0xc02aaa39b223fe8d0a0e5c4f27ead9083c756cc2,0x6b175474e89094c44da98b954eedeac495271d0f,1.2239806280562584,True,True,unexplained
aave_v2,0x1e642a0e67bf7c5491c3eaf43204e535128f5840979fa03333db495960c10efa,0xdde9c12718217f792228ac1ce4c4a04a92b15735,14944374,237,0x0d8775f648430679a709e98d2b0cb6250d2887ef,0xa0b86991c6218b36c1d19d4a2e9eb0ce3606eb48,1.025046772549384,True,True,unexplained
aave_v2,0x6a51718f3bb41d66e21065e227fd1f0d4471aa6ea47fc24f3cf2fea19961302c,0x9339dd66facb97a61b8a5d76a4be8aa6cf4f76a6,14945069,249,0xc02aaa39b223fe8d0a0e5c4f27ead9083c756cc2,0xa0b86991c6218b36c1d19d4a2e9eb0ce3606eb48,1.0185077745829254,True,True,unexplained
aave_v2,0xf6828e9fe36ac32c6be4223cde7d8048d1f93bd12d25782eb6456080d0a3990b,0xbf0175c5658bf6de1ceebb72ad2ee0554e95114a,14945069,125,0xc02aaa39b223fe8d0a0e5c4f27ead9083c756cc2,0xa0b86991c6218b36c1d19d4a2e9eb0ce3606eb48,1.0187686924042139,True,True,unexplained
aave_v2,0xd66bba87fbbc4343201431d9f2a074c91cea79dbdfa5170b62777e0ae7299bc8,0xc2cfb7ee1b8c44dcd5ac1bc0649bacff153a00ce,14947876,76,0xc02aaa39b223fe8d0a0e5c4f27ead9083c756cc2,0xdac17f958d2ee523a2206206994597c13d831ec7,1.2150726345109641,True,True,unexplained
aave_v2,0xf6765adc75ff106c519b2713ca5cadae2f0263970d914f8d94daeca6254b717c,0x747d1df1899119c95e0811338a1d1479694f1b9d,14948325,32,0x0d8775f648430679a709e98d2b0cb6250d2887ef,0xa0b86991c6218b36c1d19d4a2e9eb0ce3606eb48,1.0177633071344903,True,True,unexplained
aave_v2,0xce61b16c81ecf61bdfac6b126541d1dbc748782396a5e5df8a754c16d9add59c,0x1195ba0ac42223a19ac7206047d87ae0726b3548,14948373,379,0xc02aaa39b223fe8d0a0e5c4f27ead9083c756cc2,0xdac17f958d2ee523a2206206994597c13d831ec7,1.01081770714803,True,True,unexplained
aave_v2,0x3e51a633951f9ce8c2445534f9ac58cc462261232da9a03fcf011aabbadd9d9f,0x85ace660391c4fb72581bfee3df840eda189e552,14953181,336,0x1494ca1f11d487c2bbe4543e90080aeba4ba3c2b,0x6b175474e89094c44da98b954eedeac495271d0f,1.2526504844191562,True,True,unexplained
aave_v2,0x92a17333b253e6382dd1b52ec8b7e7e454c7c2113051a4e0b842d85bc4717ded,0x10a1ddb397051d4cfa7dabe04c865b823008008e,14953207,73,0xc02aaa39b223fe8d0a0e5c4f27ead9083c756cc2,0x0000000000085d4780b73119b644ae5ecd22b376,1.0281648542193826,True,True,unexplained
aave_v2,0x35e0c5a9f8e6e64fad60c786971975aa8183c956bd76a32870d2031cd0100dc1,0x8e0498e13c860d6037e72a6e22e32abcd63d3d01,14953270,310,0xc02aaa39b223fe8d0a0e5c4f27ead9083c756cc2,0x0000000000085d4780b73119b644ae5ecd22b376,1.2200615528114436,True,True,unexplained
aave_v2,0x1d5b37be549dbcbd0b1a1bf4bd6d8ec37a9099d36c4ce2e8761e6b68bd374703,0x026fd30023d9199450883b3c7f82b7c9ebbeb2f7,14953550,131,0xc02aaa39b223fe8d0a0e5c4f27ead9083c756cc2,0x6b175474e89094c44da98b954eedeac495271d0f,1.0271463394974258,True,True,unexplained
aave_v2,0x6f80ff5e79780c02681bf116123201f7f91e6a276f320129c99542e976b46551,0xc67fab2d861a52a08db26b662ae447eacd077f96,14954821,59,0xc02aaa39b223fe8d0a0e5c4f27ead9083c756cc2,0xdac17f958d2ee523a2206206994597c13d831ec7,1.0820475627103077,True,True,unexplained
aave_v2,0x5ad270423ed04dd3936eafc50c2303d2fb90c956ae3ba9fcb7e83cc02911b959,0x0a1fb0ec3b837aadddfdc1e989c77649a4856a41,14954833,81,0xc02aaa39b223fe8d0a0e5c4f27ead9083c756cc2,0x6b175474e89094c44da98b954eedeac495271d0f,1.0319817346223241,True,True,unexplained
aave_v2,0x57017ca5c3df8606388fe71d2afba780c4f9299be17a7c927730486547d1f082,0x10a1ddb397051d4cfa7dabe04c865b823008008e,14954979,95,0xc02aaa39b223fe8d0a0e5c4f27ead9083c756cc2,0x0000000000085d4780b73119b644ae5ecd22b376,1.0655034105320587,True,True,unexplained
aave_v2,0x29998e564435c95948be3ab594e4c25a6902474a6c132a13a6b2c8b6f1120068,0xdd07f7daa27b9c154a29d300c4188fab70638473,14955066,13,0x514910771af9ca656af840dff83e8264ecf986ca,0xdac17f958d2ee523a2206206994597c13d831ec7,1.0102984053535131,True,True,unexplained
aave_v2,0xd1f3e7911b41030fda5746d1afd7ac1ac40447a98ed7d5a1366e1424f7a3d86d,0x10a1ddb397051d4cfa7dabe04c865b823008008e,14955732,120,0x514910771af9ca656af840dff83e8264ecf986ca,0x0000000000085d4780b73119b644ae5ecd22b376,1.0879527677654286,True,True,unexplained
aave_v2,0x76c76ddffaca0305aeb4c9e40bd12f45620e26a33f5162984045a77240b265b2,0x88f6daae7e36ec62de38788bdba50f24dcccab68,14957301,24,0x6b175474e89094c44da98b954eedeac495271d0f,0xdac17f958d2ee523a2206206994597c13d831ec7,1.0169311032596486,True,True,unexplained
aave_v2,0x9e4ce9c63ebc73df82647dfc5087986c28af38a5f1aeb3058e87c5753b8a58f3,0x1d4c380837340befaf8843cebdbe97dd3e4b6b5e,14958589,93,0x2260fac5e5542a773aa44fbcfedf7c193bc2c599,0xdac17f958d2ee523a2206206994597c13d831ec7,1.0124438224398435,True,True,unexplained
aave_v2,0xc38cef4927b3dd8d45a9d2c189ab016b3a6c4c2d9e10649f27b4cb0a684f8e6f,0x0e1212b04daa889686d7e39361ae33d9afa8b79b,14959161,20,0xdd974d5c2e2928dea5f71b9825b8b646686bd200,0x6b175474e89094c44da98b954eedeac495271d0f,1.0424853024637715,True,True,unexplained
aave_v2,0x48c99fcb4e6da89a150452ec90e41b4a8515b61c4a835c4a5e0ae01b52c73564,0x0a1fb0ec3b837aadddfdc1e989c77649a4856a41,14959223,137,0x514910771af9ca656af840dff83e8264ecf986ca,0x6b175474e89094c44da98b954eedeac495271d0f,1.0507752378340218,True,True,unexplained
aave_v2,0xfc98f3cb81ec66e454141c8f8d6524448eb3f3bdb7f0d795f38f0050bb3fb351,0x85ace660391c4fb72581bfee3df840eda189e552,14959223,145,0x1494ca1f11d487c2bbe4543e90080aeba4ba3c2b,0x6b175474e89094c44da98b954eedeac495271d0f,1.2380374577951607,True,True,unexplained
aave_v2,0x4ba05c9c069ae62812fd9fd38c354d4e618033caff71f3c138ca1ce116760288,0x026fd30023d9199450883b3c7f82b7c9ebbeb2f7,14959423,408,0x1494ca1f11d487c2bbe4543e90080aeba4ba3c2b,0x6b175474e89094c44da98b954eedeac495271d0f,1.0747239708868164,True,True,unexplained
aave_v2,0x22b02fef4ee299130d5e8c929ec3747c08822ce69e3299f99d81472b5e7e7724,0xa5f89be4ecb7fa74d2bf65642269bc9dcc04a1b6,14961188,198,0xc02aaa39b223fe8d0a0e5c4f27ead9083c756cc2,0xa0b86991c6218b36c1d19d4a2e9eb0ce3606eb48,1.1217601118409957,True,True,unexplained
aave_v2,0x273bd265b77d0d649c0b30d8e69f71be5451e99c8fdc6ee72d285672e617dd06,0xffca3f8bac64cfb0d6aa675892b580453fb09652,14966512,208,0xd533a949740bb3306d119cc777fa900ba034cd52,0x6b175474e89094c44da98b954eedeac495271d0f,1.0119889717709687,True,True,unexplained
aave_v2,0x4f474b651db7f12edd629dea4ffdb03c19272196ccb0ad67121eab77bed04bae,0x0a1fb0ec3b837aadddfdc1e989c77649a4856a41,14983968,243,0x1494ca1f11d487c2bbe4543e90080aeba4ba3c2b,0x6b175474e89094c44da98b954eedeac495271d0f,1.0322715527971194,True,True,unexplained
aave_v2,0x1da9174facf4d023ff4a5540d3744ec9be912fc10e982b7abf12efbc9ac5d344,0xc3d2432295b43195d7b4d38b80f6b0d137e2062e,14996093,77,0x2260fac5e5542a773aa44fbcfedf7c193bc2c599,0xa0b86991c6218b36c1d19d4a2e9eb0ce3606eb48,1.2154330994687865,True,True,unexplained
aave_v2,0x4c42547e43459a7cd85191f6a283fb06be9a1d542cc3cd2c5b703d094fcd8edf,0xc3d2432295b43195d7b4d38b80f6b0d137e2062e,14996093,224,0x2260fac5e5542a773aa44fbcfedf7c193bc2c599,0xa0b86991c6218b36c1d19d4a2e9eb0ce3606eb48,1.2154330994687865,True,True,unexplained
aave_v2,0xb0684324dbe3ce6816f17d5080f4395f439ad84d81c298ed54ad105ecc05f7cc,0xda24653e9fb56f9c8f4c4066ef8a31b534e1f817,15043070,23,0xc02aaa39b223fe8d0a0e5c4f27ead9083c756cc2,0xc02aaa39b223fe8d0a0e5c4f27ead9083c756cc2,1.2432410809109424,True,True,unexplained
aave_v2,0xc3b217f24f6966209c892988582de40d15e330b04804fc358dbfedd87777ef03,0x8936a4e5047861ebad694e99ff3e38ebbdccca3a,15380433,100,0xc02aaa39b223fe8d0a0e5c4f27ead9083c756cc2,0x0000000000085d4780b73119b644ae5ecd22b376,1.0804302204596832,True,True,unexplained
aave_v2,0x8c973db040913baf9522b8ef23577a4373836880ca724e50b9fcf8826595004e,0x64cf6d15ea749ccb20032217d8a18b7a820956df,15606235,375,0xc02aaa39b223fe8d0a0e5c4f27ead9083c756cc2,0x6b175474e89094c44da98b954eedeac495271d0f,1.0567506106800322,True,True,unexplained
aave_v2,0xfeb407dde694676c6e1364ba9a2ea85b6a003b67d2738fc8cc4fcd51b58a0fc9,0x88b18fd25f2c9a4204bd768a0b4b77234146f02d,15680900,303,0x6b175474e89094c44da98b954eedeac495271d0f,0x0000000000085d4780b73119b644ae5ecd22b376,1.3387996356173382,True,True,unexplained
aave_v2,0xa3cf8ab97f28c7ab512dfdff698257c52010dd9105359cd69501aeaab6220572,0x7d386c62af53709dbcb08c7e0d5f03cf45bc3c17,15736263,460,0x0d8775f648430679a709e98d2b0cb6250d2887ef,0x6b175474e89094c44da98b954eedeac495271d0f,1.0111908899297917,True,True,unexplained
aave_v2,0xd657af6fada74c732554118a512db01229a336f3902d5411ced6de59244e6a2a,0x4135f4092cd0c5cf4819b54718c99c43249c1b14,15935646,209,0x1494ca1f11d487c2bbe4543e90080aeba4ba3c2b,0xa0b86991c6218b36c1d19d4a2e9eb0ce3606eb48,1.1233193950257783,True,True,unexplained
aave_v2,0xa738d4462f8ca802bd04d6f224b7b4fc6705da6f19c87c662bd8390c7cbaf80d,0x1c631824b0551fd0540a1f198c893b379d5cf3c3,15935648,17,0xc02aaa39b223fe8d0a0e5c4f27ead9083c756cc2,0xdac17f958d2ee523a2206206994597c13d831ec7,1.03700398616029,True,True,unexplained
aave_v2,0xee341c9d1340504c96873e81a2a8862e09a6b7fed5b89fb8b9b56a9c1d07c0d7,0xbec81ccc2c05788bff9e223251a5496b10190578,15935656,64,0x2260fac5e5542a773aa44fbcfedf7c193bc2c599,0xa0b86991c6218b36c1d19d4a2e9eb0ce3606eb48,1.0209735194942258,True,True,unexplained
aave_v2,0xc47754a8f2399517041258d9cf32ccd03ab3f877c032f5ab47e6199fcc908847,0xf863a87d2ee79a3be1611abf68450e8a477ee970,16020618,122,0xc02aaa39b223fe8d0a0e5c4f27ead9083c756cc2,0x6b175474e89094c44da98b954eedeac495271d0f,1.0642173990668669,True,True,unexplained
aave_v2,0xa4959bf9fb8cc5203075243467685cb5c14c4654c0ea019d2f17836cbd3db0c9,0x553a463f365c74eda00b7e5aaf080b066d4ca03c,16475880,99,0xa0b86991c6218b36c1d19d4a2e9eb0ce3606eb48,0xdac17f958d2ee523a2206206994597c13d831ec7,1.0735302492686587,True,True,unexplained
aave_v2,0x38d69f12880cbca71cb59857a239dfae8d363bfb4e4a1a6deaf7fa02bb921288,0xcefcca169357a18eb8c3f230f92b58562e48cae5,16546582,17,0xa0b86991c6218b36c1d19d4a2e9eb0ce3606eb48,0xa693b19d2931d498c5b318df961919bb4aee87a5,1.6714410118807104,True,True,unexplained
aave_v2,0x834c112dd98e1e33f6fa9a7ff4fc81d7217d46ddc5187150e4b206c0a9c07ea7,0x3a5da240825ef8c8091f32f971f77bd0075f6b61,16906506,24,0xa0b86991c6218b36c1d19d4a2e9eb0ce3606eb48,0x6b175474e89094c44da98b954eedeac495271d0f,1.0133589100297506,True,True,unexplained
aave_v2,0x9ca91d99726d89b52bc7722cbdb6a834fd645b1c38f6605834fb5c49cf6efc6a,0xa4874622027fde1cca70bf0e84310cb5bf0585c6,17447366,34,0x514910771af9ca656af840dff83e8264ecf986ca,0xdac17f958d2ee523a2206206994597c13d831ec7,1.089980632039026,True,True,unexplained
aave_v2,0x9262f4d97cac459eb3cdd19bc0bc9251afb0dc9fbc92452697b91419715d4869,0x95be77899b6af2308344d5f1a62c01a98f152737,17447463,65,0x514910771af9ca656af840dff83e8264ecf986ca,0xa0b86991c6218b36c1d19d4a2e9eb0ce3606eb48,1.0275509585449993,True,True,unexplained
aave_v2,0xd1dc7a6320df2cfd61091cbe6d9efe680c697931c5de69f8d7c7f30076f61760,0x38d52da0103780754a0673b8536aa4beca58ccb5,17637696,34,0xa0b86991c6218b36c1d19d4a2e9eb0ce3606eb48,0x956f47f50a910163d8bf957cf5846d573e7f87ca,1.485852422996253,True,True,unexplained
aave_v2,0xc27bd12d859c12855f80297c0da905fc1c1b48183e40720ef6c272c76bc4dc82,0x42135fd3aa0e71ff7403e3654c859db4474f0be6,17935492,11,0xc02aaa39b223fe8d0a0e5c4f27ead9083c756cc2,0xa0b86991c6218b36c1d19d4a2e9eb0ce3606eb48,1.0343823036266624,True,True,unexplained
aave_v2,0x4df17d1028834f711b7767bdae5a50a34b970b9b35c5f57e769e2b93ab0a3233,0x852e756268bbb6bb0111ec3168555cc1b217bee2,17937282,472,0xc02aaa39b223fe8d0a0e5c4f27ead9083c756cc2,0xdac17f958d2ee523a2206206994597c13d831ec7,1.057567370036872,True,True,unexplained
aave_v2,0x8770ba9364e2bca59ae514f1725c211f4802b86c75b43329e4600017b10bf1e3,0x2d491a089fa87393480185312f01ec775d8bcab8,17937290,25,0xc02aaa39b223fe8d0a0e5c4f27ead9083c756cc2,0xdac17f958d2ee523a2206206994597c13d831ec7,1.0869066100611005,True,True,unexplained
aave_v2,0xbd2d5589e112f2cff32e06fb55c65f89c873ad3a1422d538252c8c02e1a5a5ad,0xaa0c0976a9863969add87a66515ce464c8018c67,17937297,152,0xc02aaa39b223fe8d0a0e5c4f27ead9083c756cc2,0x6b175474e89094c44da98b954eedeac495271d0f,1.0992537928716017,True,True,unexplained
aave_v2,0xa8095a41568ad4cb81ba8bd2d924090ce96306425944bfe3eb498b9c83c2238a,0x42135fd3aa0e71ff7403e3654c859db4474f0be6,17937299,191,0xc02aaa39b223fe8d0a0e5c4f27ead9083c756cc2,0xa0b86991c6218b36c1d19d4a2e9eb0ce3606eb48,1.1023097163208706,True,True,unexplained
aave_v2,0xbe70ae5549b8d479952400468e0ae39e8f85fb78da9fe29ae0c1a7a02724ba44,0x69097a0d86eb043f6e1612d157ea7d7127c14762,17972934,41,0xae7ab96520de3a18e5e111b5eaab095312d7fe84,0xdac17f958d2ee523a2206206994597c13d831ec7,1.022947138283756,True,True,unexplained
aave_v2,0x5e6bc0fedfbf8b65cc4c6c5a3f00571babd84b23c5b732e2bb9619c25e6bbfe4,0x852e756268bbb6bb0111ec3168555cc1b217bee2,17972934,73,0xc02aaa39b223fe8d0a0e5c4f27ead9083c756cc2,0xdac17f958d2ee523a2206206994597c13d831ec7,1.0326710545636284,True,True,unexplained
aave_v2,0xa91e18654f52925a145500f63ea5b61b8b69bd2bae6b8527a77e227ed9d8f7e2,0x6659d6fc2aa70ef3fc9c08b364d96c93d6a27b48,18135265,22,0xa0b86991c6218b36c1d19d4a2e9eb0ce3606eb48,0x0000000000085d4780b73119b644ae5ecd22b376,1.0655112340972994,True,True,unexplained
aave_v2,0x3a0cdfc44f14f02d0e84fd72f70d65d456e1e0f4243fb26a1e25e2c1922deed4,0xe24df5791665c1e56028575bcfcbbe0c0e5f7977,18159125,213,0x514910771af9ca656af840dff83e8264ecf986ca,0x6b175474e89094c44da98b954eedeac495271d0f,1.0126866536470869,True,True,unexplained
aave_v2,0x77559958083a693002fa50ce1d8832a304cc02f64460a2b26d3d63fd7773c7ce,0x80b971dd09aa371929fdff45faf42b16ef93bc5c,18300165,238,0x514910771af9ca656af840dff83e8264ecf986ca,0xa0b86991c6218b36c1d19d4a2e9eb0ce3606eb48,1.060004827080699,True,True,unexplained
aave_v2,0xfac99c77d365d8853995eaef4f6fd73ea13883bd8d06a9be2f5d9cd60161ae25,0x898b332559bc5bf222659160cda8d75b2d4477d6,18316114,161,0xc02aaa39b223fe8d0a0e5c4f27ead9083c756cc2,0x6b175474e89094c44da98b954eedeac495271d0f,1.0263088969365055,True,True,unexplained
aave_v2,0xb0d1f0a56488b3dc6cd3cb3a4f860ca4fc83f2b30a84869ab92702360450faa5,0xcd003b9ce7b1c64b57857710beccdda8d982a740,18416020,377,0xa0b86991c6218b36c1d19d4a2e9eb0ce3606eb48,0x2260fac5e5542a773aa44fbcfedf7c193bc2c599,1.0770383849524034,True,True,unexplained
aave_v2,0x0481eadd7957cbf4e9ce772a2b33c47bf3e4c991d3bc5a5f6a369b54700dce6a,0x37c70c54ae44f703a6325c8ee5a7d35326072e8d,18416026,223,0xc02aaa39b223fe8d0a0e5c4f27ead9083c756cc2,0x2260fac5e5542a773aa44fbcfedf7c193bc2c599,1.0360851263480957,True,True,unexplained
aave_v2,0x6ae6c81f3d0f0af1d4b0a9ae27c76b9eb6f2429e21f8afc95080955f9cdcc682,0xcd003b9ce7b1c64b57857710beccdda8d982a740,18417243,20,0xa0b86991c6218b36c1d19d4a2e9eb0ce3606eb48,0x2260fac5e5542a773aa44fbcfedf7c193bc2c599,1.0601995462512463,True,True,unexplained
aave_v2,0x9d959b7b0619910012a991689d60f984363f53e7e6e727aa47b7328b152be283,0xe9cafb30cf239573b253ad1ab8e4aa8cf9d0ee05,18588217,119,0xa0b86991c6218b36c1d19d4a2e9eb0ce3606eb48,0xdac17f958d2ee523a2206206994597c13d831ec7,1.11888701579546,True,True,unexplained
aave_v2,0x02f78ba61112c042c4f07fe3c126ae5a0fe481f1ac0ef3bf8564c08cf81f940a,0x7973d4a24748c9243a894e9de295f9099bc7adc8,18751870,21,0x2260fac5e5542a773aa44fbcfedf7c193bc2c599,0xd46ba6d942050d489dbd938a2c909a5d5039a161,1.9006742319917012,True,True,unexplained
aave_v2,0x2abdfe3f9ada8663f643fb76f8d5ef05cb2c48d26e0b123bb813cfcd5d3d5c62,0x42135fd3aa0e71ff7403e3654c859db4474f0be6,18759927,17,0xc02aaa39b223fe8d0a0e5c4f27ead9083c756cc2,0xa0b86991c6218b36c1d19d4a2e9eb0ce3606eb48,1.044948586414887,True,True,unexplained
aave_v2,0xa5075713f50652280c644200400afde586a2944f6ffcfd5c2a17ec54867d4480,0xb87736c9c2ddbbab1d6b59955a2d5afb8713c2db,18838066,77,0xc02aaa39b223fe8d0a0e5c4f27ead9083c756cc2,0xdac17f958d2ee523a2206206994597c13d831ec7,1.0182621715413611,True,True,unexplained
aave_v2,0xa2157f51e8621d6e3e4a444bc0ae32f2e7101794b663e78d0e1e76303dc2491b,0xb87736c9c2ddbbab1d6b59955a2d5afb8713c2db,18852628,88,0xa0b86991c6218b36c1d19d4a2e9eb0ce3606eb48,0x8e870d67f660d95d5be530380d0ec0bd388289e1,1.0274355635241612,True,True,unexplained
aave_v2,0x5cf03f2ef77dd91aa7a65c598cee54d3a3135ba12e87396469ea336cc5227fd7,0x42135fd3aa0e71ff7403e3654c859db4474f0be6,18871404,21,0xc02aaa39b223fe8d0a0e5c4f27ead9083c756cc2,0xa0b86991c6218b36c1d19d4a2e9eb0ce3606eb48,1.0221332354397443,True,True,unexplained
aave_v2,0x57813f506426a676270e1734388681ec4cb73e87c89303e64b2dd04029cd1b47,0x42135fd3aa0e71ff7403e3654c859db4474f0be6,18959473,19,0xc02aaa39b223fe8d0a0e5c4f27ead9083c756cc2,0xa0b86991c6218b36c1d19d4a2e9eb0ce3606eb48,1.0136636070364868,True,True,unexplained
aave_v2,0xb78c416a89a1ab77e7022ec36d68fffcb8342d0c703d25d62604decbc793cacf,0x96b9d426a8e1ae3e2715c9b28560f545d54fd3e2,18979086,17,0x6b175474e89094c44da98b954eedeac495271d0f,0xc02aaa39b223fe8d0a0e5c4f27ead9083c756cc2,1.0634525011449456,True,True,unexplained
aave_v2,0xb638c9834866be4fd7f46d7dc0bfe7f548c6198d19937f5d454582358930084d,0x96b9d426a8e1ae3e2715c9b28560f545d54fd3e2,18991574,19,0x6b175474e89094c44da98b954eedeac495271d0f,0xc02aaa39b223fe8d0a0e5c4f27ead9083c756cc2,1.0342909305208643,True,True,unexplained
aave_v2,0x818aa6ccb625a720cb10fc2bbe63be09202ad5ac97818cfde1ca2295a7555b7e,0x42135fd3aa0e71ff7403e3654c859db4474f0be6,18993769,22,0xc02aaa39b223fe8d0a0e5c4f27ead9083c756cc2,0xa0b86991c6218b36c1d19d4a2e9eb0ce3606eb48,1.050068845940545,True,True,unexplained
aave_v2,0xb14b83543860d1854657c2fbcc1125cbea51ee742cdf723e8c2c48dde9e69ba2,0xda96ae6facdbbcc748dbf65cb0787cbe7f95b1f8,19020379,161,0xc02aaa39b223fe8d0a0e5c4f27ead9083c756cc2,0x1494ca1f11d487c2bbe4543e90080aeba4ba3c2b,1.1533013064311515,True,True,unexplained
aave_v2,0x98490d81c4a9bdda1390755e74df9f531963f2d5e7e1c6a547a8f1e5bed7b367,0x42135fd3aa0e71ff7403e3654c859db4474f0be6,19035458,73,0xc02aaa39b223fe8d0a0e5c4f27ead9083c756cc2,0xa0b86991c6218b36c1d19d4a2e9eb0ce3606eb48,1.015747827631269,True,True,unexplained
aave_v2,0x4ca5c97e4e3683b59328b1231351d7032724114e823a93bd2eb3fcd54fe0b2e9,0x42135fd3aa0e71ff7403e3654c859db4474f0be6,19061652,66,0xc02aaa39b223fe8d0a0e5c4f27ead9083c756cc2,0xa0b86991c6218b36c1d19d4a2e9eb0ce3606eb48,1.0404459840516354,True,True,unexplained
aave_v2,0xa22e005dbe5c48e22cbd55eb31cdb155b3e2757bbb05367b14050510b037dd31,0x42135fd3aa0e71ff7403e3654c859db4474f0be6,19068630,84,0xc02aaa39b223fe8d0a0e5c4f27ead9083c756cc2,0xa0b86991c6218b36c1d19d4a2e9eb0ce3606eb48,1.0363203363674187,True,True,unexplained
aave_v2,0x0f4b0a6e3ecfd1da3cd9ba165dd4fd644f3452fb1180f59daf8494220f043935,0xc67fab2d861a52a08db26b662ae447eacd077f96,19069939,34,0xc02aaa39b223fe8d0a0e5c4f27ead9083c756cc2,0xdac17f958d2ee523a2206206994597c13d831ec7,1.0795492609401225,True,True,unexplained
aave_v2,0xd2093f0640358647a93090603b5b25d4f1a7011d9fec42b8e76e29aca8aad40a,0x4810d3ba1c8ab9ed328f7e7e067019a80d12f8ea,19288897,32,0xae7ab96520de3a18e5e111b5eaab095312d7fe84,0xdac17f958d2ee523a2206206994597c13d831ec7,1.0106160677859155,True,True,unexplained
aave_v2,0x853f9700d549d009df5a2f9bab78f7016bdeb26e9db40be5dc3b6c544be36093,0x42135fd3aa0e71ff7403e3654c859db4474f0be6,19371191,23,0xc02aaa39b223fe8d0a0e5c4f27ead9083c756cc2,0xa0b86991c6218b36c1d19d4a2e9eb0ce3606eb48,1.0471558301994002,True,True,unexplained
aave_v2,0xc48d55241817a933356cbfde85d1fa3ccc384c612914628fb7012aa9871d10d7,0x42135fd3aa0e71ff7403e3654c859db4474f0be6,19435326,17,0xc02aaa39b223fe8d0a0e5c4f27ead9083c756cc2,0xa0b86991c6218b36c1d19d4a2e9eb0ce3606eb48,1.0533302144517285,True,True,unexplained
aave_v2,0x152e7f10ccc80d52cbde3bcef67bf96e40443a9aee9cdb16ab9a8eeacc879486,0x42135fd3aa0e71ff7403e3654c859db4474f0be6,19450659,16,0xc02aaa39b223fe8d0a0e5c4f27ead9083c756cc2,0xa0b86991c6218b36c1d19d4a2e9eb0ce3606eb48,1.0669982340301374,True,True,unexplained
aave_v2,0x1ac5936ba156721f382639f5ee4b844c27a86bd7534e1fa19ad45441675e1cc5,0x2d491a089fa87393480185312f01ec775d8bcab8,19641347,58,0xae7ab96520de3a18e5e111b5eaab095312d7fe84,0xdac17f958d2ee523a2206206994597c13d831ec7,1.1147968917824533,True,True,unexplained
aave_v2,0x93722ef188df1545b767fcbfae25960ba2a481033913beb442ef167018324e19,0x2d491a089fa87393480185312f01ec775d8bcab8,19648925,495,0xae7ab96520de3a18e5e111b5eaab095312d7fe84,0xdac17f958d2ee523a2206206994597c13d831ec7,1.1080586973232283,True,True,unexplained
aave_v2,0xaa3f681ae0613da6c95095f8e2be4071c4c4e91e76127024f26af7e3a87f0366,0x2d491a089fa87393480185312f01ec775d8bcab8,19649323,21,0xae7ab96520de3a18e5e111b5eaab095312d7fe84,0xdac17f958d2ee523a2206206994597c13d831ec7,1.1330218723885281,True,True,unexplained
aave_v2,0x684f7307af61c9600927e14a53aeae8d4a4bb48ece00c63a4ffc576d287ac9a6,0x711a71e1873988f8da861e57b01a7838b8068b93,19649424,118,0xc02aaa39b223fe8d0a0e5c4f27ead9083c756cc2,0x4fabb145d64652a948d72533023f6e7a623c7c53,2.2311047701571027,True,True,unexplained
aave_v2,0x324330ce141a7638be2d642a7c2e33851e6e8842ebd24f3c1f278e5c579aef91,0xb27e8f32ecba66745133287b335f88c9cd1a7b53,19669174,105,0x2260fac5e5542a773aa44fbcfedf7c193bc2c599,0x8e870d67f660d95d5be530380d0ec0bd388289e1,1.0161195890129024,True,True,unexplained
aave_v2,0x3b242199d3b2fd3196ee79ccde0a5f615670e6842d23c38ae5296c94910fa250,0x19b9dacf25ff030cf5a6e941d3130f7845d7bda5,19671809,10,0xa0b86991c6218b36c1d19d4a2e9eb0ce3606eb48,0xa0b86991c6218b36c1d19d4a2e9eb0ce3606eb48,1.1744984743211841,True,True,unexplained
aave_v2,0xf609d8dd883d2e30a903365ee6a6ff36bb68f417033113f18011199aa1f70bc7,0x8b70d03dc120d116948b0bc2ec06babdb2f88b84,19743443,133,0xc02aaa39b223fe8d0a0e5c4f27ead9083c756cc2,0x6b175474e89094c44da98b954eedeac495271d0f,1.0403982920323707,True,True,unexplained
aave_v2,0x55e0a10632e422abcdea78d1495f4cbe69948ef5793bd4bf3774520cc653988c,0x47ab2ba28c381011fa1f25417c4c2b2c0d5b4781,19773695,25,0xc02aaa39b223fe8d0a0e5c4f27ead9083c756cc2,0xdac17f958d2ee523a2206206994597c13d831ec7,1.0122971644916983,True,True,unexplained
aave_v2,0x2c9d20d92748220cc3acc1992f63cbd070aa4886708f826882e9d36497640cba,0x2d2bcce9fb157f74265423d33eb82d5abbb50e81,20041607,723,0xc02aaa39b223fe8d0a0e5c4f27ead9083c756cc2,0xa0b86991c6218b36c1d19d4a2e9eb0ce3606eb48,1.0196878377353062,True,True,unexplained
aave_v2,0x2447cc03c13bc99314703246e094f0cd3c8e68c684d7fce6c1a87b383038fc86,0x170c143cf2cec99126b33bd1aa280c21a211b2ea,20041627,41,0xc02aaa39b223fe8d0a0e5c4f27ead9083c756cc2,0xa0b86991c6218b36c1d19d4a2e9eb0ce3606eb48,1.0180966446995103,True,True,unexplained
aave_v2,0x98c312bf6832857bdcef3809b4e8347c77e87c55ba0df5fde30cf158312f78d2,0xf9f0f9704ae497f1caf99182da7f9de8e9577bfc,20109132,128,0xa0b86991c6218b36c1d19d4a2e9eb0ce3606eb48,0x4e3fbd56cd56c3e72c1403e103b45db9da5b9d2b,1.0765075344693753,True,True,unexplained
aave_v2,0xcb5904e87254bfa957e9a5e48cca55fe6705c4dedc05823c9a6b7b82909441c8,0x067e2069acf2a133c71b453da8e7a13c66eeeb2a,20204063,204,0xa0b86991c6218b36c1d19d4a2e9eb0ce3606eb48,0xd46ba6d942050d489dbd938a2c909a5d5039a161,13.129361590012243,True,True,unexplained
aave_v2,0xf6b44dddaa08f7be6b504a69b328e422f7ff70e6f01903e95072cbb2f8a16f53,0xc564077664fdc85e98a94d762d48b21931841aea,20230033,38,0xc02aaa39b223fe8d0a0e5c4f27ead9083c756cc2,0xa0b86991c6218b36c1d19d4a2e9eb0ce3606eb48,1.0104657367208962,True,True,unexplained
aave_v2,0xbc7d7e236b3f8d03ac51fbe05511658cc17ea1383b405771d0901e2ab623696d,0x29e18bcc4b91c3a28a78e3bcb91568395ff02ef0,20237479,542,0xc02aaa39b223fe8d0a0e5c4f27ead9083c756cc2,0xdac17f958d2ee523a2206206994597c13d831ec7,1.0116725999181873,True,True,unexplained
aave_v2,0xced6b342691c9da4f7edc54290b34ce49b6194d1426f675148856a537f26bd8d,0x92125b1dd0077d53449dfeb4b593ad704877c56e,20237479,221,0x2260fac5e5542a773aa44fbcfedf7c193bc2c599,0xa0b86991c6218b36c1d19d4a2e9eb0ce3606eb48,1.0187810667591037,True,True,unexplained
aave_v2,0xf3d70cad3e3832bf31702305b61bacd178bec154cc9b72e9270fc8025d4528be,0xfb6f987bea53a71e0b629bff3dcfcf59b69f77ab,20237866,40,0xc02aaa39b223fe8d0a0e5c4f27ead9083c756cc2,0xa0b86991c6218b36c1d19d4a2e9eb0ce3606eb48,1.0100556897131079,True,True,unexplained
aave_v2,0x959e4999ce7e512665c9fee99a82b89f6748c79512c731c26fac95ad1cfdbfd9,0x7d033de1c7b58e528218f0f6e95d27eccfa06a65,20441648,64,0xc02aaa39b223fe8d0a0e5c4f27ead9083c756cc2,0x6b175474e89094c44da98b954eedeac495271d0f,1.0569258295045159,True,True,unexplained
aave_v2,0x5ea336c664b98c48305684e1ed700ebdd031a0b5a4e2bea56345770c4900965a,0x18d26146aeffcd1e49d8c06b5064605114feb354,20444871,106,0xa0b86991c6218b36c1d19d4a2e9eb0ce3606eb48,0x57ab1ec28d129707052df4df418d58a2d46d5f51,1.03209717459585,True,True,unexplained
aave_v2,0xf27fbca8f9d6fff14163c6b52ce464de638c1e9213500ec3f56249e09dcc3859,0xeea53b61de29369bfa56f6c4ac7c7163a2f32164,20456083,39,0xc02aaa39b223fe8d0a0e5c4f27ead9083c756cc2,0x6b175474e89094c44da98b954eedeac495271d0f,1.0656117365436373,True,True,unexplained
aave_v2,0xbf874e4f0424cec96c635c789054967702f368028bc3ab040c58f83b5c7f49b5,0xeea53b61de29369bfa56f6c4ac7c7163a2f32164,20456596,186,0xc02aaa39b223fe8d0a0e5c4f27ead9083c756cc2,0x4fabb145d64652a948d72533023f6e7a623c7c53,1.0846235173215955,True,True,unexplained
aave_v2,0xf03bd9bc21c0c4bf4037e4323b147985ca9eff7ae12e504d7f4ff9048ad70efa,0x47ab2ba28c381011fa1f25417c4c2b2c0d5b4781,20456598,18,0x2260fac5e5542a773aa44fbcfedf7c193bc2c599,0xdac17f958d2ee523a2206206994597c13d831ec7,1.0174755314434176,True,True,unexplained
aave_v2,0x3740a903a45745052988bff550ef7e600f80d0a338cd8509cc0931d5c377b833,0x29e18bcc4b91c3a28a78e3bcb91568395ff02ef0,20456601,352,0xc02aaa39b223fe8d0a0e5c4f27ead9083c756cc2,0xdac17f958d2ee523a2206206994597c13d831ec7,1.014909386537792,True,True,unexplained
aave_v2,0x7bc0c31df95568e15e6f0aa967040aadbecbd80bcc03f8a21940aaebb8a0ee47,0x7dcf0c6d8d18a5188cb2bfdb0280f353207ee1ac,20456601,339,0xc02aaa39b223fe8d0a0e5c4f27ead9083c756cc2,0xa0b86991c6218b36c1d19d4a2e9eb0ce3606eb48,1.0249376630057034,True,True,unexplained
aave_v2,0xedba53065957e4316369b50ded868ea178dfbf5c089dfe8358fdc2dd552cbd1c,0xeea53b61de29369bfa56f6c4ac7c7163a2f32164,20456765,569,0xc02aaa39b223fe8d0a0e5c4f27ead9083c756cc2,0xa0b86991c6218b36c1d19d4a2e9eb0ce3606eb48,1.0906957289830868,True,True,unexplained
aave_v2,0x42cb6c0154bbed1a159863c3e6d513a42864fcf60c13acd56b2ae2190edd1f43,0x7d033de1c7b58e528218f0f6e95d27eccfa06a65,20458923,520,0xc02aaa39b223fe8d0a0e5c4f27ead9083c756cc2,0x6b175474e89094c44da98b954eedeac495271d0f,1.0514404574852239,True,True,unexplained
aave_v2,0xb7b1179186de8dcdd5754f9688119def6c8b9466473a9e7030c036c599f7900e,0x405ce249b9bdd05c23c9aae02b475a2fc6535c86,20458926,184,0xc02aaa39b223fe8d0a0e5c4f27ead9083c756cc2,0xa0b86991c6218b36c1d19d4a2e9eb0ce3606eb48,1.0196888137931348,True,True,unexplained
aave_v2,0xe4f684820e8473ea75b7c008da76385ec71af40f5bacc861914712f096dbd5b7,0x830156a2ab64e89cb9ecda151841e84fc03b75c1,20458926,600,0x2260fac5e5542a773aa44fbcfedf7c193bc2c599,0x6b175474e89094c44da98b954eedeac495271d0f,1.0111572130717048,True,True,unexplained
aave_v2,0x0b4a4d6254978f63425d2fabcfc81b0aa2b2757bd5c87752a4d4d93c933b4491,0xd7b57a4e25258d03f4912ce7e74056ad1fe3be30,20458926,287,0xc02aaa39b223fe8d0a0e5c4f27ead9083c756cc2,0xa0b86991c6218b36c1d19d4a2e9eb0ce3606eb48,1.0183807677038896,True,True,unexplained
aave_v2,0x9444ca06c69e17e3948c49512e62b12b2f67fa5da9abe57703e010eda3cf6f8a,0xeea80cbed6e6f4c4efbe6bf9f13562e3c562257e,20458926,160,0x2260fac5e5542a773aa44fbcfedf7c193bc2c599,0xa0b86991c6218b36c1d19d4a2e9eb0ce3606eb48,1.0159124905808479,True,True,unexplained
aave_v2,0xdaecc3f9f8ce1dfbff46641b2c3ca03c37287ca8013d98c534af53b80d61497e,0xd23c85224940fb5b5148ba212277c8516f31947e,20458971,159,0xc02aaa39b223fe8d0a0e5c4f27ead9083c756cc2,0xdac17f958d2ee523a2206206994597c13d831ec7,1.0119385521214352,True,True,unexplained
aave_v2,0x2b7b0041a8065e0b7cb0de540783c1d8743ffdf22b96c29a818f44648a97f241,0x2ff29587b17adcc29547aed4f20f9b47cc4923e0,20458973,307,0xc02aaa39b223fe8d0a0e5c4f27ead9083c756cc2,0xa0b86991c6218b36c1d19d4a2e9eb0ce3606eb48,1.0155659294233312,True,True,unexplained
aave_v2,0x8cefd6e86b5d00f2b231ae3a060b739761eb0b178011f238c9b617fe274440de,0x36dddf1b97d578867283b7d6aa08c4aa5c69953e,20458973,364,0xc02aaa39b223fe8d0a0e5c4f27ead9083c756cc2,0xdac17f958d2ee523a2206206994597c13d831ec7,1.0238348173459328,True,True,unexplained
aave_v2,0xf7fb22b42992fb462fa3940525b784b6d464b3846c37f1e499b41c2ec62c2f51,0x3700eeb393a471aaf52bde826fa5b16e888b51e8,20458973,328,0xc02aaa39b223fe8d0a0e5c4f27ead9083c756cc2,0xa0b86991c6218b36c1d19d4a2e9eb0ce3606eb48,1.0224866192273931,True,True,unexplained
aave_v2,0xc9404dcd8a90e744b7428366cd992fbf59ac40b00c626992bdf9dc0a300e83b7,0x5b613c8e3ca1e40d8c216158f0cfca8899e744c5,20458973,349,0x514910771af9ca656af840dff83e8264ecf986ca,0xdac17f958d2ee523a2206206994597c13d831ec7,1.0379097253129415,True,True,unexplained
aave_v2,0x21384c04698fd1ff42f90c1300c815bdb89d407891fe42f5dc7ba7fe764e439c,0x0f0bbcfe33602cfcd86cf4670ee70b37e4d5e4c2,20458976,422,0xc02aaa39b223fe8d0a0e5c4f27ead9083c756cc2,0xa0b86991c6218b36c1d19d4a2e9eb0ce3606eb48,1.0394937633764108,True,True,unexplained
aave_v2,0x41cc0cc793862ef5de448af02ce6921a379eac08474a6efc2b4a053809477946,0x3f7bb1313b53e765e692d925f9f57993f915805c,20458976,273,0xc02aaa39b223fe8d0a0e5c4f27ead9083c756cc2,0xdac17f958d2ee523a2206206994597c13d831ec7,1.0184187755631666,True,True,unexplained
aave_v2,0x9f81e213305ed692b5fb075f94e1a8fa133bb9061a90b6b72a0f749151655e03,0x92891f12c9448fec7750aff2eb697a62b87659f8,20458976,386,0xc02aaa39b223fe8d0a0e5c4f27ead9083c756cc2,0xa0b86991c6218b36c1d19d4a2e9eb0ce3606eb48,1.0335684589539391,True,True,unexplained
aave_v2,0x80cf238b5c9b50f307b67daf986fb613664486b8de2024b1c7d0cef33ac8ad40,0xc564077664fdc85e98a94d762d48b21931841aea,20458976,113,0xc02aaa39b223fe8d0a0e5c4f27ead9083c756cc2,0xa0b86991c6218b36c1d19d4a2e9eb0ce3606eb48,1.0359161797060932,True,True,unexplained
aave_v2,0x2fa0b4453b42cd7540f91189f78dd7b4836920c74bb5e3ab83a66d7e9a0805b9,0xe035a15dbb5de8acc394bab44d7cef2f890f3df1,20458976,476,0xc02aaa39b223fe8d0a0e5c4f27ead9083c756cc2,0xa0b86991c6218b36c1d19d4a2e9eb0ce3606eb48,1.0306058943685386,True,True,unexplained
aave_v2,0x5fd42711c93751dbbdb75d084fc316eb552d4c9091516a960567f753e0e139c6,0xfb6f987bea53a71e0b629bff3dcfcf59b69f77ab,20458976,183,0xc02aaa39b223fe8d0a0e5c4f27ead9083c756cc2,0xa0b86991c6218b36c1d19d4a2e9eb0ce3606eb48,1.0375516937433455,True,True,unexplained
aave_v2,0x0adf6fc3f0efb0f77324a9ea05b0788be42b5d9de02bdff29b07599b0bf7dce5,0x47ab2ba28c381011fa1f25417c4c2b2c0d5b4781,20458981,49,0x2260fac5e5542a773aa44fbcfedf7c193bc2c599,0xdac17f958d2ee523a2206206994597c13d831ec7,1.0492917034750209,True,True,unexplained
aave_v2,0x1dbaf8d3a21b84a1eda486975d81e7bd4a784ea73b09262eacc86275849cbc67,0xbba14ac38d2a1c533b904e8d85665bbcc3c3f830,20459324,150,0xc02aaa39b223fe8d0a0e5c4f27ead9083c756cc2,0xa0b86991c6218b36c1d19d4a2e9eb0ce3606eb48,1.016083461279433,True,True,unexplained
aave_v2,0x441f80b8cf5adc0069eccc61e2070f136c961ea2d1637656cd9e7ee48bdd4aed,0x2b50d53c2d10954aea741ae61001c3fb77717e5e,20460556,510,0xc02aaa39b223fe8d0a0e5c4f27ead9083c756cc2,0xa0b86991c6218b36c1d19d4a2e9eb0ce3606eb48,1.0126935893496145,True,True,unexplained
aave_v2,0x30f76e66b9e6e706783c1b01203ae65413847158e8f4dab68b0374e97989bc2e,0x318761f7eeedc50b96b2e53f706c92506566ebd9,20460556,525,0xc02aaa39b223fe8d0a0e5c4f27ead9083c756cc2,0xdac17f958d2ee523a2206206994597c13d831ec7,1.014309013232671,True,True,unexplained
aave_v2,0x4300015fa280b97982ce1388a1525a6d45f9c777b31765fc98b39031c42c0927,0x405ce249b9bdd05c23c9aae02b475a2fc6535c86,20460556,261,0xc02aaa39b223fe8d0a0e5c4f27ead9083c756cc2,0xa0b86991c6218b36c1d19d4a2e9eb0ce3606eb48,1.010148543337955,True,True,unexplained
aave_v2,0x16ba097ce894c6a4d01964322a601303a42ba236d62c11db3271a8a2963bcaf0,0x4652d3c8b3373df2f6cf6b01807554ae1d534fbe,20460556,599,0xc02aaa39b223fe8d0a0e5c4f27ead9083c756cc2,0x6b175474e89094c44da98b954eedeac495271d0f,1.013591784825222,True,True,unexplained
aave_v2,0xa34d683b02de572f496901828d9c02eaee9507bba81343dbd5b87c3c5ee86229,0x5a5fe81a376495c7ab16a762611afacb14280218,20460556,375,0xc02aaa39b223fe8d0a0e5c4f27ead9083c756cc2,0xdac17f958d2ee523a2206206994597c13d831ec7,1.0119272521861622,True,True,unexplained
aave_v2,0x76dc210b6e3f631d4d243c0a174f7a20659c7739226ec41a0391d13ff161a2d3,0xaba2b9af06548efd0f0745bc8a7460f481516e82,20460556,483,0x2260fac5e5542a773aa44fbcfedf7c193bc2c599,0xdac17f958d2ee523a2206206994597c13d831ec7,1.1562590936769732,True,True,unexplained
aave_v2,0xe9f0503270641e7fba136c0f599b8f541931b3cd66757aeb04608712160e3b3e,0x7dc70519aa566210af70c0c8feb753dc15de6984,20461810,155,0xc02aaa39b223fe8d0a0e5c4f27ead9083c756cc2,0x4fabb145d64652a948d72533023f6e7a623c7c53,1.4100667634790456,True,True,unexplained
aave_v2,0x83103317ac1183e27c16a542820b06b2a7c0b5503a9544b51588ee2d89d9178c,0xc564077664fdc85e98a94d762d48b21931841aea,20619498,27,0xc02aaa39b223fe8d0a0e5c4f27ead9083c756cc2,0xa0b86991c6218b36c1d19d4a2e9eb0ce3606eb48,1.0102016862881054,True,True,unexplained
aave_v2,0x7f2ebf3a3eb310a59fd0e3b4feac869730941489192f0067fd9ac132ed3bd736,0x0faad92032b0984642a29bc9dcafc35d70474bc7,20622718,21,0xc02aaa39b223fe8d0a0e5c4f27ead9083c756cc2,0x2260fac5e5542a773aa44fbcfedf7c193bc2c599,1.0194931629119413,True,True,unexplained
aave_v2,0xc0b0ac971d6b23326904634eb887cefb46d0dcc5c472718a149e3b1525ce17f5,0xbd552036e87ee5ebfd853a5632a8010b3a84f6d9,20622718,563,0xc02aaa39b223fe8d0a0e5c4f27ead9083c756cc2,0x2260fac5e5542a773aa44fbcfedf7c193bc2c599,1.0147797754388328,True,True,unexplained
aave_v2,0x0b90ee87bcd42bff8f266e082a08b0071bd23400872e6f4640bd3379bc78004d,0xe2d8f9557fd46ad134c8fb5eabf6f4da3e0d3f68,20622718,32,0xc02aaa39b223fe8d0a0e5c4f27ead9083c756cc2,0x2260fac5e5542a773aa44fbcfedf7c193bc2c599,1.0247666662885813,True,True,unexplained
aave_v2,0xce8f2140ba0480659513de4d8e4ac8bfeba2cc18651b0aa40d5fa827b329a0ba,0xc564077664fdc85e98a94d762d48b21931841aea,20622844,180,0xc02aaa39b223fe8d0a0e5c4f27ead9083c756cc2,0xa0b86991c6218b36c1d19d4a2e9eb0ce3606eb48,1.0204234399323242,True,True,unexplained
aave_v2,0x434e01b036ed43750f3955c7cfd8022084ba283f84d0776662d8708cf5275e7f,0x2b50d53c2d10954aea741ae61001c3fb77717e5e,20673814,133,0xc02aaa39b223fe8d0a0e5c4f27ead9083c756cc2,0xa0b86991c6218b36c1d19d4a2e9eb0ce3606eb48,1.011461305544386,True,True,unexplained
aave_v2,0x6f2a2cbebf35db7b96948329c42c20d03ae83213eef8a8e1d0845d41622e13d5,0x7d033de1c7b58e528218f0f6e95d27eccfa06a65,20673814,175,0xc02aaa39b223fe8d0a0e5c4f27ead9083c756cc2,0x6b175474e89094c44da98b954eedeac495271d0f,1.045074620784689,True,True,unexplained
aave_v2,0xa32493caebd616f6ca947fe6032c34790dd874585453e0ddbbf3fa2d25446273,0x53e3aea8ba8f0d6cb821e650cee22c1f1e7dd12c,20692397,71,0xc02aaa39b223fe8d0a0e5c4f27ead9083c756cc2,0x6b175474e89094c44da98b954eedeac495271d0f,1.0209300571931086,True,True,unexplained
aave_v2,0x86799f53b29483ceb575af31ddd9ddd36df9c36d5a5cd27cdeeb15427095b4c1,0xc564077664fdc85e98a94d762d48b21931841aea,20692397,103,0xc02aaa39b223fe8d0a0e5c4f27ead9083c756cc2,0xa0b86991c6218b36c1d19d4a2e9eb0ce3606eb48,1.0127234303816643,True,True,unexplained
aave_v2,0x935d786b10317851cce6a2878f37c5f0ce895dae7eb7ee99c8a98a5d6136e6f1,0x731db8e813f278707af871501f76c9c87f79b5ed,20715185,100,0xa0b86991c6218b36c1d19d4a2e9eb0ce3606eb48,0x2260fac5e5542a773aa44fbcfedf7c193bc2c599,1.0431247533910017,True,True,unexplained
aave_v2,0xebc5ac4f18fd43f7c3d3366abf6e42d857c6408642b3d7b1f5acab91c2633963,0x7383a0c56ae3bcc968dec9c199a9ca60276b7330,20746197,139,0xc02aaa39b223fe8d0a0e5c4f27ead9083c756cc2,0xa693b19d2931d498c5b318df961919bb4aee87a5,1.4466718488937569,True,True,unexplained
aave_v2,0x4535edb5db1b8759358012479ccee9bfa28c0d3409b98d8877d07fb6e211f724,0x930d81f7312199fa61df53a7b95479ff60b8c8c9,20856210,73,0xc02aaa39b223fe8d0a0e5c4f27ead9083c756cc2,0xa693b19d2931d498c5b318df961919bb4aee87a5,1.7259411188801959,True,True,unexplained
aave_v2,0x120d85ed8c1f4e79ab191b6bbd4c0c45f03b97e189b869afd63cbd6ebae1ae12,0x7d033de1c7b58e528218f0f6e95d27eccfa06a65,20885709,120,0xc02aaa39b223fe8d0a0e5c4f27ead9083c756cc2,0x6b175474e89094c44da98b954eedeac495271d0f,1.0185740289512872,True,True,unexplained
aave_v2,0xd9474a3ea735e0896a15121584d16191733a8da0ef571e7a764e595bf53275ab,0x3df551bb6b29eb05fc709a25f8f05e07119d99a9,20887600,408,0xa0b86991c6218b36c1d19d4a2e9eb0ce3606eb48,0xa0b86991c6218b36c1d19d4a2e9eb0ce3606eb48,1.2234222654187168,True,True,unexplained
aave_v2,0x4564df4c45a7098dc214dfed5957b209ecdf91593f30d4702a26a643d34dece6,0x34700f692a32b6ed452e6cc8d4396ce01c792320,20888268,117,0xa0b86991c6218b36c1d19d4a2e9eb0ce3606eb48,0x056fd409e1d7a124bd7017459dfea2f387b6d5cd,2.418391950658479,True,True,unexplained
aave_v2,0x4ee00d3521b725cf9b8337143620597808bf67d158b7f44015a802578b8d2ca2,0x30887fc55cbfad3487cb55bfe1779f6d2ba1c118,21019008,684,0x9f8f72aa9304c8b593d555f12ef6589cc3a579a2,0x03ab458634910aad20ef5f1c8ee96f1d6ac54919,1.16396186795596,True,True,unexplained
aave_v2,0x6df8e22316c506cf990335a7498891daa9f90c3af3716346cf8864b9d47e7a49,0x0faad92032b0984642a29bc9dcafc35d70474bc7,21029634,17,0xc02aaa39b223fe8d0a0e5c4f27ead9083c756cc2,0x2260fac5e5542a773aa44fbcfedf7c193bc2c599,1.070311876872447,True,True,unexplained
aave_v2,0x9ae7b9f961db7adc82b989fc603af92d8ea6ed4c323cd445371aff5a27679bdc,0xe2d8f9557fd46ad134c8fb5eabf6f4da3e0d3f68,21029634,35,0xc02aaa39b223fe8d0a0e5c4f27ead9083c756cc2,0x2260fac5e5542a773aa44fbcfedf7c193bc2c599,1.0805227654605487,True,True,unexplained
aave_v2,0xa2adde17c6cc86eeaee657f8a3ebe30848f173ec28fea6c6472be3d8da4266b7,0x3df551bb6b29eb05fc709a25f8f05e07119d99a9,21045353,69,0xa0b86991c6218b36c1d19d4a2e9eb0ce3606eb48,0xdac17f958d2ee523a2206206994597c13d831ec7,1.3336469746379127,True,True,unexplained
aave_v2,0x7956dc7e04f04f4036689936457ed42253cf41e5cb457c40fbc2e934d729248d,0xbd552036e87ee5ebfd853a5632a8010b3a84f6d9,21045849,128,0xc02aaa39b223fe8d0a0e5c4f27ead9083c756cc2,0xc02aaa39b223fe8d0a0e5c4f27ead9083c756cc2,1.2605246792809743,True,True,unexplained
aave_v2,0x14e31793a78abfd7f8d612683fe32a2fc59efe2b580248f1d65cabe41282a1b4,0x930d81f7312199fa61df53a7b95479ff60b8c8c9,21053698,238,0xc02aaa39b223fe8d0a0e5c4f27ead9083c756cc2,0xa693b19d2931d498c5b318df961919bb4aee87a5,1.7122563830996165,True,True,unexplained
aave_v2,0x743ea0d739c0fbd754aff9d7d52a9872660db2015f36b8efa68b7912bd829474,0xbd552036e87ee5ebfd853a5632a8010b3a84f6d9,21104132,28,0xc02aaa39b223fe8d0a0e5c4f27ead9083c756cc2,0x2260fac5e5542a773aa44fbcfedf7c193bc2c599,1.0426413739935463,True,True,unexplained
aave_v2,0xee6203cb5e903f0b4e1ceb07c7c41378fdec53df88b76c36057aa6467faec45a,0xbd552036e87ee5ebfd853a5632a8010b3a84f6d9,21117003,162,0xc02aaa39b223fe8d0a0e5c4f27ead9083c756cc2,0x2260fac5e5542a773aa44fbcfedf7c193bc2c599,1.0237336883381172,True,True,unexplained
aave_v2,0x7cf1f077abee3896e6f42b39821de68459fdede3eeea6981da5035f263442a1e,0x0faad92032b0984642a29bc9dcafc35d70474bc7,21121980,34,0xc02aaa39b223fe8d0a0e5c4f27ead9083c756cc2,0x2260fac5e5542a773aa44fbcfedf7c193bc2c599,1.1585708249667903,True,True,unexplained
aave_v2,0xf7a8932215338902d3f2a038906c43c2b29c8e41d41e8186a82375e683fcd438,0x64294da034cf62433778dd46a8a86519e3c4513e,21121980,16,0xc02aaa39b223fe8d0a0e5c4f27ead9083c756cc2,0x2260fac5e5542a773aa44fbcfedf7c193bc2c599,1.1538569134183774,True,True,unexplained
aave_v2,0x7976491a256bd32b0560016365b839752aa2415d231b00377709ace9c2269a68,0xe2d8f9557fd46ad134c8fb5eabf6f4da3e0d3f68,21125116,16,0xc02aaa39b223fe8d0a0e5c4f27ead9083c756cc2,0x2260fac5e5542a773aa44fbcfedf7c193bc2c599,1.178968910043718,True,True,unexplained
aave_v2,0x24c72a08947143f48d70dd62755d73a824ff2324dc8d7670cb2eb49782dc5a56,0xeabec509d961d4cca961263c8d15baaf4c96a5e4,21131696,98,0x6b175474e89094c44da98b954eedeac495271d0f,0x2260fac5e5542a773aa44fbcfedf7c193bc2c599,1.1635807172312074,True,True,unexplained
aave_v2,0x3445255992c40497c50cd64ff19c424737e9a37a304181883c36df24f931b689,0xeabec509d961d4cca961263c8d15baaf4c96a5e4,21197577,17,0x6b175474e89094c44da98b954eedeac495271d0f,0x2260fac5e5542a773aa44fbcfedf7c193bc2c599,1.207992327036079,True,True,unexplained
aave_v2,0x0428e23c3fe23ad66dad56406a7534069826220a68f7f4bb8fa6fb9e42484a07,0x0faad92032b0984642a29bc9dcafc35d70474bc7,21233066,30,0xc02aaa39b223fe8d0a0e5c4f27ead9083c756cc2,0x2260fac5e5542a773aa44fbcfedf7c193bc2c599,1.270264019643827,True,True,unexplained
aave_v2,0x7c83b90e6a5444d49777e2f34f28b0e3815959053d81ba27cd49b4d65d2418e0,0x64294da034cf62433778dd46a8a86519e3c4513e,21233066,17,0xc02aaa39b223fe8d0a0e5c4f27ead9083c756cc2,0x2260fac5e5542a773aa44fbcfedf7c193bc2c599,1.2608375002762282,True,True,unexplained
aave_v2,0x2f6c430f79ffd4a5e12ec3d38c57ed407db168f437582d61453120ce17eceaea,0xc564077664fdc85e98a94d762d48b21931841aea,21431705,286,0xc02aaa39b223fe8d0a0e5c4f27ead9083c756cc2,0xa0b86991c6218b36c1d19d4a2e9eb0ce3606eb48,1.0286745430905089,True,True,unexplained
aave_v2,0xf08b6d554f27d9d6d066a37fac34a62f9cf55630b209a81276164ec669c1f8cc,0x18d26146aeffcd1e49d8c06b5064605114feb354,21491534,123,0x6b175474e89094c44da98b954eedeac495271d0f,0x8e870d67f660d95d5be530380d0ec0bd388289e1,1.1101843499295616,True,True,unexplained
aave_v2,0xbeaa36a1590dd85a0329901058fe0817e9014d14dcb57dbdf1edd34668ebdd62,0x18d26146aeffcd1e49d8c06b5064605114feb354,21610464,377,0x6b175474e89094c44da98b954eedeac495271d0f,0x8e870d67f660d95d5be530380d0ec0bd388289e1,1.2343774407429675,True,True,unexplained
aave_v2,0x2ac4541308057af812f6b34d430b2ed0f38d20366b995607b631eae79325f153,0x47ab2ba28c381011fa1f25417c4c2b2c0d5b4781,21614695,15,0x2260fac5e5542a773aa44fbcfedf7c193bc2c599,0x2260fac5e5542a773aa44fbcfedf7c193bc2c599,1.0336856334445501,True,True,unexplained
aave_v2,0x25b4ec83a5ed76ad2ed4960269cb4929f0ce09aa50a67326ca9a11933a4ffdd5,0x47ab2ba28c381011fa1f25417c4c2b2c0d5b4781,21616189,17,0xc02aaa39b223fe8d0a0e5c4f27ead9083c756cc2,0x6b175474e89094c44da98b954eedeac495271d0f,1.0478462678231835,True,True,unexplained
aave_v2,0x34517d86215b1adf8ffc3e1b22e4d29251a26c539ab7b021ffab119f32e599af,0x92f8a0d9956ec2abe5692c781554a0c18dae6af1,21616189,188,0xc02aaa39b223fe8d0a0e5c4f27ead9083c756cc2,0x2260fac5e5542a773aa44fbcfedf7c193bc2c599,1.0970945872302371,True,True,unexplained
aave_v2,0xdf844c4e3aa203fe0f3d815cafea9c6d66bae2fe00debc44211045bc1d07a39f,0xc6cfaba87137f6bb41d2d83933ca5e861a8aed49,21616192,194,0xc02aaa39b223fe8d0a0e5c4f27ead9083c756cc2,0xa0b86991c6218b36c1d19d4a2e9eb0ce3606eb48,1.0135489637766075,True,True,unexplained
aave_v2,0xc465f891eb60f715858bc7070b9b2b0c161a37665adef66c5313bfbd92eb74c1,0x92f8a0d9956ec2abe5692c781554a0c18dae6af1,21616200,222,0xc02aaa39b223fe8d0a0e5c4f27ead9083c756cc2,0xa0b86991c6218b36c1d19d4a2e9eb0ce3606eb48,1.0749246229246936,True,True,unexplained
aave_v2,0x2d614d43a3f1886c671fafeae5fd01cdeecf8f247f604f5f8461d408b4a011b2,0xe8367289e98e72b1eae30242a5cf9707ebaa29d8,21616200,116,0xc02aaa39b223fe8d0a0e5c4f27ead9083c756cc2,0x6b175474e89094c44da98b954eedeac495271d0f,1.013598772977942,True,True,unexplained
aave_v2,0xf823ecaaa3efa56ecd902e018897c400338d95e927dea9a101774db9a5577a88,0xe2d8f9557fd46ad134c8fb5eabf6f4da3e0d3f68,21650833,16,0xc02aaa39b223fe8d0a0e5c4f27ead9083c756cc2,0x2260fac5e5542a773aa44fbcfedf7c193bc2c599,1.2891392402740358,True,True,unexplained
aave_v2,0xfe17d63a0a63ce2f28cff9e2fda626d108ebb3e748aa5629546997ca2d2231f2,0x9acfe4b2c142d60864662453ac84e0e92595d005,21657765,17,0xc02aaa39b223fe8d0a0e5c4f27ead9083c756cc2,0x2260fac5e5542a773aa44fbcfedf7c193bc2c599,1.2345151150243445,True,True,unexplained
aave_v2,0x18ea5290047951577c566645ca770872b7bf1f541571106792428f9fb0fde3b1,0xaa24d0ee83cb785be0a571692e516fa62ba43ef3,21670947,22,0x2260fac5e5542a773aa44fbcfedf7c193bc2c599,0xd46ba6d942050d489dbd938a2c909a5d5039a161,4.7778574024548774,True,True,unexplained
aave_v2,0x239b0b0c17291874f5ad0c6acf3281cecd5727004296266a7c9b8de83047e389,0x18d26146aeffcd1e49d8c06b5064605114feb354,21735658,220,0x6b175474e89094c44da98b954eedeac495271d0f,0x57ab1ec28d129707052df4df418d58a2d46d5f51,1.1839512304684878,True,True,unexplained
aave_v2,0x295ef1ad025c45e7d368693e3aa3089496154abaf41fd9f2eb31b62f11f84ae1,0x47ab2ba28c381011fa1f25417c4c2b2c0d5b4781,21760163,130,0xc02aaa39b223fe8d0a0e5c4f27ead9083c756cc2,0xa0b86991c6218b36c1d19d4a2e9eb0ce3606eb48,1.0781984487681506,True,True,unexplained
aave_v2,0x26d7601b0ec33303804c5bca16c622f8ec2755f3ee67b0e01261db61573ac197,0x7d033de1c7b58e528218f0f6e95d27eccfa06a65,21760163,149,0x2260fac5e5542a773aa44fbcfedf7c193bc2c599,0x6b175474e89094c44da98b954eedeac495271d0f,1.0369575458797826,True,True,unexplained
aave_v2,0x3742c6ea89de629a7be6ffd1cd06323b89e136e3e03f9aaa6409fa15ac43172c,0x64294da034cf62433778dd46a8a86519e3c4513e,21760889,24,0xc02aaa39b223fe8d0a0e5c4f27ead9083c756cc2,0x2260fac5e5542a773aa44fbcfedf7c193bc2c599,1.3738061684647591,True,True,unexplained
aave_v2,0x8a3a0d72d4f76685d99845eec07c7c087e50303bec47ceff81d4a67aa261d0ae,0x47ab2ba28c381011fa1f25417c4c2b2c0d5b4781,21761868,202,0x2260fac5e5542a773aa44fbcfedf7c193bc2c599,0xa0b86991c6218b36c1d19d4a2e9eb0ce3606eb48,1.127438870882769,True,True,unexplained
aave_v2,0x6c80685ebbcfdf41d03002219b723975e807a6fb4292586e8955e73e0a1467a5,0x7d033de1c7b58e528218f0f6e95d27eccfa06a65,21761868,299,0xc02aaa39b223fe8d0a0e5c4f27ead9083c756cc2,0xa0b86991c6218b36c1d19d4a2e9eb0ce3606eb48,1.0875162424492895,True,True,unexplained
aave_v2,0xad1783612d6d152ac3f17eb0ed07e2871c265f27a3ba846671288b53c0525d19,0x47ab2ba28c381011fa1f25417c4c2b2c0d5b4781,21761873,95,0xc02aaa39b223fe8d0a0e5c4f27ead9083c756cc2,0xa0b86991c6218b36c1d19d4a2e9eb0ce3606eb48,1.1883063407611483,True,True,unexplained
aave_v2,0xd72d28e800cb6736ec48245c80925e01ba22ed8e7b3c7a5a92719b7ec2c16153,0x4599ba9daddf07e66dbf19323925eb8e3f4805b5,21762749,89,0xc02aaa39b223fe8d0a0e5c4f27ead9083c756cc2,0x6b175474e89094c44da98b954eedeac495271d0f,1.0104593211778277,True,True,unexplained
aave_v2,0x8197def1a57ca53c1bd3c82d3a178be1ba0a6a52a5285cdc7569468f9447c301,0x7d033de1c7b58e528218f0f6e95d27eccfa06a65,21762784,166,0xc02aaa39b223fe8d0a0e5c4f27ead9083c756cc2,0xa0b86991c6218b36c1d19d4a2e9eb0ce3606eb48,1.0352580659479669,True,True,unexplained
aave_v2,0x2205381f97dad898eff09fa080a95b309e20e16eea55b7659e3b7bbaca2c05c0,0x278951f72d6435334b0fe0f86d637f716f414eb3,21762789,167,0xc02aaa39b223fe8d0a0e5c4f27ead9083c756cc2,0xdac17f958d2ee523a2206206994597c13d831ec7,1.0139699058007046,True,True,unexplained
aave_v2,0xf68df404cfa872059322e540c7f60d1ea40eb0346416e076a715d4bb19294151,0xa8094c7097451c72371224cfd21528ac5ce6d46a,21762791,253,0xc02aaa39b223fe8d0a0e5c4f27ead9083c756cc2,0xa0b86991c6218b36c1d19d4a2e9eb0ce3606eb48,1.0110259184660793,True,True,unexplained
aave_v2,0xda2b8f1276d8e64f9d2658bb9b3b74fe356595c8a2494a1ac70ec21394a650c9,0xf3b347ecf592c4ebcb8eea6bd8c55602dc9450ce,21762791,275,0xc02aaa39b223fe8d0a0e5c4f27ead9083c756cc2,0x6b175474e89094c44da98b954eedeac495271d0f,1.0128781766238244,True,True,unexplained
aave_v2,0x909141df213c58141177c3f7ccc6dd8f32636a274e51d3f0e3905adb253fab05,0x7d033de1c7b58e528218f0f6e95d27eccfa06a65,21762798,570,0xc02aaa39b223fe8d0a0e5c4f27ead9083c756cc2,0xdac17f958d2ee523a2206206994597c13d831ec7,1.0597971821686134,True,True,unexplained
aave_v2,0xda912fda1095b7b43411f611482b4cb302840fd2f16f14b815422e24245e40e5,0x47ab2ba28c381011fa1f25417c4c2b2c0d5b4781,21762802,17,0xc02aaa39b223fe8d0a0e5c4f27ead9083c756cc2,0x2260fac5e5542a773aa44fbcfedf7c193bc2c599,1.27680036915028,True,True,unexplained
aave_v2,0x6e9bbb9875bb3bf2694a26e99d8681fa98f501eec36d4bb16b10d7a2252ade66,0x278951f72d6435334b0fe0f86d637f716f414eb3,21762808,562,0xc02aaa39b223fe8d0a0e5c4f27ead9083c756cc2,0xa0b86991c6218b36c1d19d4a2e9eb0ce3606eb48,1.010241959815055,True,True,unexplained
aave_v2,0x4082a16109a928d625e274eaaae2c2b0c8f2da963155b8b6593d9bbd7513784e,0x8eadbcda045defb504a700445b8095d173fa38d8,21762838,232,0xc02aaa39b223fe8d0a0e5c4f27ead9083c756cc2,0x6b175474e89094c44da98b954eedeac495271d0f,1.0305888311289237,True,True,unexplained
aave_v2,0xc0922a0e96ecc71ee3e8b1a93f0d310f68b7b77277ee57faad52cd3027845390,0x06cf19e0c17fc400b20f59c3c405ab0e5f73e7ff,21762893,273,0xc02aaa39b223fe8d0a0e5c4f27ead9083c756cc2,0xa0b86991c6218b36c1d19d4a2e9eb0ce3606eb48,1.0384624111959369,True,True,unexplained
aave_v2,0x37980aea22b5722da3af7d58b098cb803a4356fb12a65747ec02f8a1627cc2d4,0xb2d785a644fce1102403dabf4492b5af37909f26,21762897,104,0xc02aaa39b223fe8d0a0e5c4f27ead9083c756cc2,0x2260fac5e5542a773aa44fbcfedf7c193bc2c599,1.5285637140214587,True,True,unexplained
aave_v2,0xedfce46caaaf9c738f8b745b470d79e18f1ec7a56968c831b15481ff617a33e6,0x7043b8ceab9ecf44e8d5fe7057720bec4c98d388,21762898,353,0xc02aaa39b223fe8d0a0e5c4f27ead9083c756cc2,0x6b175474e89094c44da98b954eedeac495271d0f,1.0347247309907235,True,True,unexplained
aave_v2,0x485fe45e0d63cca434d5b2eee9a686a76c84d424d3c46291eb1623f154f3e4e3,0x7d033de1c7b58e528218f0f6e95d27eccfa06a65,21763616,60,0x2260fac5e5542a773aa44fbcfedf7c193bc2c599,0x6b175474e89094c44da98b954eedeac495271d0f,1.138350448114215,True,True,unexplained
aave_v2,0x5c465100d3488eab5b12f71b92646bbcec858e0fad9b160f4302f648015b7d62,0x56ede2de5f2b66b3408e81042d58113558f3f2c0,21763755,158,0xc02aaa39b223fe8d0a0e5c4f27ead9083c756cc2,0x2260fac5e5542a773aa44fbcfedf7c193bc2c599,1.1884669628380389,True,True,unexplained
aave_v2,0xe39e42909a4cd36ffc829178c9875fd3b5823dca68488be8705eb542f49dceae,0xc9db3af6603329df6c85e168d41b74832452ef08,21774141,91,0x6b175474e89094c44da98b954eedeac495271d0f,0x57ab1ec28d129707052df4df418d58a2d46d5f51,1.013667116713063,True,True,unexplained
aave_v2,0x2c3c2582101abad6792160ceea04eab7053d44abf125ee92d246dc033f8ca08d,0xaa24d0ee83cb785be0a571692e516fa62ba43ef3,21775442,26,0x2260fac5e5542a773aa44fbcfedf7c193bc2c599,0xd46ba6d942050d489dbd938a2c909a5d5039a161,4.415908531227901,True,True,unexplained
aave_v2,0xd79e128768b4c1dcf74f381d8a65b34075cb7787bd53f6b0f728b8bae5df6f81,0xbd552036e87ee5ebfd853a5632a8010b3a84f6d9,21796681,238,0xc02aaa39b223fe8d0a0e5c4f27ead9083c756cc2,0x056fd409e1d7a124bd7017459dfea2f387b6d5cd,1.0646829821579684,True,True,unexplained
aave_v2,0xa2bca34c1ddcfcd7e8e17fbc4640623fed7c227fe771269b07617d508cc84a46,0x1509277498534831ee7d644c5a8d57b42b101287,21811807,186,0xc02aaa39b223fe8d0a0e5c4f27ead9083c756cc2,0xdac17f958d2ee523a2206206994597c13d831ec7,1.011072051526502,True,True,unexplained
aave_v2,0x5b25cb648a4561e68de7a4cbc163649877a9eeacbef5a07dc8abcdb2263e2d60,0xbd552036e87ee5ebfd853a5632a8010b3a84f6d9,21826426,169,0xc02aaa39b223fe8d0a0e5c4f27ead9083c756cc2,0xc02aaa39b223fe8d0a0e5c4f27ead9083c756cc2,1.0816185837882417,True,True,unexplained
aave_v2,0xaaddddf777cf128c59f0eb7422f994b2270ae0018182398816c2539f577def0f,0x930d81f7312199fa61df53a7b95479ff60b8c8c9,21827164,97,0xc02aaa39b223fe8d0a0e5c4f27ead9083c756cc2,0xa693b19d2931d498c5b318df961919bb4aee87a5,1.6658659819008352,True,True,unexplained
aave_v2,0x06549924a8e8e65db00b56824f0b3cc6d89cb4ddbcafc04e8c73a936b3fe906e,0x83a5e0a22d589a5c54149bfc3048a22bde7d3a16,21883690,882,0xae7ab96520de3a18e5e111b5eaab095312d7fe84,0x5f98805a4e8be255a32880fdec7f6728c6568ba0,2.412687662912936,True,True,unexplained
aave_v2,0xc4b02ce90ead1cb80b3ecd58f754c11004004c91680a41d8383fa4548d42f419,0x47ab2ba28c381011fa1f25417c4c2b2c0d5b4781,21919690,39,0xc02aaa39b223fe8d0a0e5c4f27ead9083c756cc2,0x6b175474e89094c44da98b954eedeac495271d0f,1.1097831364586934,True,True,unexplained
aave_v2,0xd5a9b12ef9ae852c6d34d4ed970fccc135fc8e507d9217219c0c2adc74b52664,0x2cf3448b226f2599ee7d5f10c35791014e63aa90,21921839,653,0xc02aaa39b223fe8d0a0e5c4f27ead9083c756cc2,0xa0b86991c6218b36c1d19d4a2e9eb0ce3606eb48,1.027723623892262,True,True,unexplained
aave_v2,0x024a3487b18a4ab4e55a0a3b0073855cd5bb665f64b33fb1b1c2d0fecfa3455a,0x53e3aea8ba8f0d6cb821e650cee22c1f1e7dd12c,21921839,599,0x2260fac5e5542a773aa44fbcfedf7c193bc2c599,0x6b175474e89094c44da98b954eedeac495271d0f,1.0327951362173178,True,True,unexplained
aave_v2,0x38990e75c38483acff486fd757bf7fbf000c4cfcdf9a9be8df868000744d7a96,0xaa24d0ee83cb785be0a571692e516fa62ba43ef3,21921845,39,0x2260fac5e5542a773aa44fbcfedf7c193bc2c599,0xd46ba6d942050d489dbd938a2c909a5d5039a161,2.5647336233337055,True,True,unexplained
aave_v2,0x561e67e7687fa1a08447f76b26ad82e7fb3573a96827a00213ee98c96f575b39,0x6103a6fef7b0a2e7f6ddfe07c3a36688daee8cc3,21921847,17,0xc02aaa39b223fe8d0a0e5c4f27ead9083c756cc2,0x6b175474e89094c44da98b954eedeac495271d0f,1.0213260885848565,True,True,unexplained
aave_v2,0x676afc2294ae549cd398cfc09d82d77c1f619baa3baa43643daf1cd253cf3488,0x47ab2ba28c381011fa1f25417c4c2b2c0d5b4781,21932357,307,0xc02aaa39b223fe8d0a0e5c4f27ead9083c756cc2,0x6b175474e89094c44da98b954eedeac495271d0f,1.1707052216579699,True,True,unexplained
aave_v2,0x8f9b66d0b9d3bd9c77fc2db3eb1a309e1c30ebb88fea076c42b09b72807046d8,0x53e3aea8ba8f0d6cb821e650cee22c1f1e7dd12c,21932357,479,0x2260fac5e5542a773aa44fbcfedf7c193bc2c599,0xa0b86991c6218b36c1d19d4a2e9eb0ce3606eb48,1.0624601176658317,True,True,unexplained
aave_v2,0xf1fe2e058bbdc5f46228b92e41d80cffb494452f631af2444033282a1c5b86d1,0x56ede2de5f2b66b3408e81042d58113558f3f2c0,21940246,60,0xc02aaa39b223fe8d0a0e5c4f27ead9083c756cc2,0xc02aaa39b223fe8d0a0e5c4f27ead9083c756cc2,1.0997841241553319,True,True,unexplained
aave_v2,0x18b410879a2bb6eb7cec8196a990f454642c870c7892fc20d99da0a4dca5b516,0x2cf3448b226f2599ee7d5f10c35791014e63aa90,21941585,311,0xc02aaa39b223fe8d0a0e5c4f27ead9083c756cc2,0xdac17f958d2ee523a2206206994597c13d831ec7,1.0110936563470798,True,True,unexplained
aave_v2,0x70e3b6333798d5e38e5a87fc8b182c7b9a06785ad32de85730ed93da97455188,0x47ab2ba28c381011fa1f25417c4c2b2c0d5b4781,21941884,421,0xc02aaa39b223fe8d0a0e5c4f27ead9083c756cc2,0x2260fac5e5542a773aa44fbcfedf7c193bc2c599,1.2522107807953702,True,True,unexplained
aave_v2,0xcff0a19da124eb0dbecb733d565d06ac740ce36230ae855a62e5bb0d1ed282b2,0x53e3aea8ba8f0d6cb821e650cee22c1f1e7dd12c,21941884,547,0x2260fac5e5542a773aa44fbcfedf7c193bc2c599,0x6b175474e89094c44da98b954eedeac495271d0f,1.041998871378169,True,True,unexplained
aave_v2,0x3dffe5f1c1d61eb7dff18116f62b31ced961ab810de0a99489bfb5fbb6f57d7e,0x7d033de1c7b58e528218f0f6e95d27eccfa06a65,21941940,407,0xc02aaa39b223fe8d0a0e5c4f27ead9083c756cc2,0x6b175474e89094c44da98b954eedeac495271d0f,1.0726393820460154,True,True,unexplained
aave_v2,0x0e96a9242750e3b675bd2bf560de774f0b85d2af10b608ac12987fc69f543327,0x92070e0040e18324307da795ff22f6512ef77b20,21942336,442,0xc02aaa39b223fe8d0a0e5c4f27ead9083c756cc2,0x6b175474e89094c44da98b954eedeac495271d0f,1.012180127517961,True,True,unexplained
aave_v2,0x88805c547a5f6a3246842163d8c8ebd2f8f5fce39bc0cfe1f832b8dabb4d7fd6,0x8eadbcda045defb504a700445b8095d173fa38d8,21942338,47,0xc02aaa39b223fe8d0a0e5c4f27ead9083c756cc2,0x6b175474e89094c44da98b954eedeac495271d0f,1.0111532450576146,True,True,unexplained
aave_v2,0x2885ccc9aec94851158b98c10d643bfe1aad794beb27454b9be5a7222a27b768,0x852e756268bbb6bb0111ec3168555cc1b217bee2,21942495,479,0xc02aaa39b223fe8d0a0e5c4f27ead9083c756cc2,0xc02aaa39b223fe8d0a0e5c4f27ead9083c756cc2,1.05960280685208,True,True,unexplained
aave_v2,0x0171d78e49a0c89fd4844acfa3f3c5856bf66901a1c1d31dcb537f9f5c309d4d,0x7d033de1c7b58e528218f0f6e95d27eccfa06a65,21943146,423,0xc02aaa39b223fe8d0a0e5c4f27ead9083c756cc2,0xdac17f958d2ee523a2206206994597c13d831ec7,1.0983574810691343,True,True,unexplained
aave_v2,0xf2474be6abdff5ca7c35bb5187839bb907998f07c74e0bbbf7a7f53eaa8e7870,0xb5e8c53eaaa43a31c7629d3f95fe4f8b207d7012,21943146,170,0xc02aaa39b223fe8d0a0e5c4f27ead9083c756cc2,0xa0b86991c6218b36c1d19d4a2e9eb0ce3606eb48,1.0379912397448758,True,True,unexplained
aave_v2,0xea34314661b8728551c5e99f64524a46345fd5f92fb22d6404d939b77a12a1d5,0x18d26146aeffcd1e49d8c06b5064605114feb354,21949056,483,0x6b175474e89094c44da98b954eedeac495271d0f,0x57ab1ec28d129707052df4df418d58a2d46d5f51,1.0625619798071682,True,True,unexplained
aave_v2,0x4255d7996f45382689cc49adeab2e578a45b58e7639e89fb972d74e9f168b0a5,0x0faad92032b0984642a29bc9dcafc35d70474bc7,21968210,352,0xc02aaa39b223fe8d0a0e5c4f27ead9083c756cc2,0x2260fac5e5542a773aa44fbcfedf7c193bc2c599,1.6239321925170824,True,True,unexplained
aave_v2,0xe7c802b33600d99b1b282c42d8ab1598a58057731e873a34d3ab9d6a6198ec4d,0x7d033de1c7b58e528218f0f6e95d27eccfa06a65,21968404,38,0xc02aaa39b223fe8d0a0e5c4f27ead9083c756cc2,0xdac17f958d2ee523a2206206994597c13d831ec7,1.1667430423287883,True,True,unexplained
aave_v2,0xe3d275babe0700c8ffcc4e5ecdc10b9bbd0c26deb6d3f02bb3a32d55a28f6b89,0x47ab2ba28c381011fa1f25417c4c2b2c0d5b4781,21968595,91,0xc02aaa39b223fe8d0a0e5c4f27ead9083c756cc2,0x6b175474e89094c44da98b954eedeac495271d0f,1.1867286003070783,True,True,unexplained
aave_v2,0x648449a1c6d8d6efee35909704805e693c8fc94fac903621e27295dccd20544f,0x53e3aea8ba8f0d6cb821e650cee22c1f1e7dd12c,21968604,57,0x2260fac5e5542a773aa44fbcfedf7c193bc2c599,0x2260fac5e5542a773aa44fbcfedf7c193bc2c599,1.1178695780307544,True,True,unexplained
aave_v2,0xea798ab25d2ebd8a0ac741b7d5e129c38c3401a6204fa2a089599a583f419c4b,0x027c0c58707cae5470b539cba6f8b9541e28ded3,21970303,689,0xc02aaa39b223fe8d0a0e5c4f27ead9083c756cc2,0x2260fac5e5542a773aa44fbcfedf7c193bc2c599,1.1936692864871166,True,True,unexplained
aave_v2,0x3aad5d497fe623ca50c505476df7ebe9ddd9a6093ca0b55857ac16dbf023ad4e,0x7e03b7f63fc83b464e01fa2b1f5ceeee251a3650,21970303,668,0xc02aaa39b223fe8d0a0e5c4f27ead9083c756cc2,0xa0b86991c6218b36c1d19d4a2e9eb0ce3606eb48,1.017979688038754,True,True,unexplained
aave_v2,0x15efac0f56ae8ba43bf7da1e109052b052980c7f61fa82fae1097c6e50d2580a,0x271e2fca581a722a13811bd2ba04a0bb75a68cca,21970308,211,0xc02aaa39b223fe8d0a0e5c4f27ead9083c756cc2,0xa0b86991c6218b36c1d19d4a2e9eb0ce3606eb48,1.0242956177472835,True,True,unexplained
aave_v2,0xe3f7ec401e50fb02294ea130d5308923c77776e729705942562ce2e316e59a65,0x47ab2ba28c381011fa1f25417c4c2b2c0d5b4781,21970433,139,0xc02aaa39b223fe8d0a0e5c4f27ead9083c756cc2,0x2260fac5e5542a773aa44fbcfedf7c193bc2c599,1.2878249993377966,True,True,unexplained
aave_v2,0xd06107826255305fba43e5c292476aa7fa1650951eea37ec55cabb6293f3f50b,0x5498f662c60668f29f1f08fb3c0d175bce8c2f91,21985727,353,0xa0b86991c6218b36c1d19d4a2e9eb0ce3606eb48,0xdac17f958d2ee523a2206206994597c13d831ec7,1.189500579557622,True,True,unexplained
aave_v2,0x1aff232a029a11d227ddec58b618a29a4013bf82644376d93b127ad183c802a8,0x9a9390cf9571f546a136e773a4eda3a46ee769db,22011053,17,0xc02aaa39b223fe8d0a0e5c4f27ead9083c756cc2,0xa0b86991c6218b36c1d19d4a2e9eb0ce3606eb48,1.1315945354892682,True,True,unexplained
aave_v2,0xa69f0949fcf54d795b2da5f8e3cd493871bde7b3229bab287421e9a8fe7b5c00,0x53e3aea8ba8f0d6cb821e650cee22c1f1e7dd12c,22011163,409,0xc02aaa39b223fe8d0a0e5c4f27ead9083c756cc2,0xa0b86991c6218b36c1d19d4a2e9eb0ce3606eb48,1.0797226009120129,True,True,unexplained
aave_v2,0x530928fe84c4212f04175e02c5711f65daf66f3a17ce805aff335570b8efa497,0xb5e8c53eaaa43a31c7629d3f95fe4f8b207d7012,22017862,300,0xc02aaa39b223fe8d0a0e5c4f27ead9083c756cc2,0xa0b86991c6218b36c1d19d4a2e9eb0ce3606eb48,1.06853527370159,True,True,unexplained
aave_v2,0xe27186a74712badd343297d2215db73d488152cbc4089048b6dff903bfe42dfc,0x06cf19e0c17fc400b20f59c3c405ab0e5f73e7ff,22018008,105,0xc02aaa39b223fe8d0a0e5c4f27ead9083c756cc2,0xa0b86991c6218b36c1d19d4a2e9eb0ce3606eb48,1.0625562870284688,True,True,unexplained
aave_v2,0x495040b5f948a81fc78d258d2a2da0e28abbd222cf1fd1465746e8f5684d7ad9,0x53e3aea8ba8f0d6cb821e650cee22c1f1e7dd12c,22018259,376,0x2260fac5e5542a773aa44fbcfedf7c193bc2c599,0x6b175474e89094c44da98b954eedeac495271d0f,1.0353196583747848,True,True,unexplained
aave_v2,0xd69d344abf3c4f2f525be54b3946734e214506865d3e9d265713083c2f17628d,0x47ab2ba28c381011fa1f25417c4c2b2c0d5b4781,22018283,21,0xc02aaa39b223fe8d0a0e5c4f27ead9083c756cc2,0x6b175474e89094c44da98b954eedeac495271d0f,1.177347376783354,True,True,unexplained
aave_v2,0xac0fd888f303c28dd2c785a8653978708e9b73eb5635e8a36ad3cc62dda926b8,0x53e3aea8ba8f0d6cb821e650cee22c1f1e7dd12c,22018283,42,0xc02aaa39b223fe8d0a0e5c4f27ead9083c756cc2,0x2260fac5e5542a773aa44fbcfedf7c193bc2c599,1.0425498999343135,True,True,unexplained
aave_v2,0x1867f85645c27716499a31027dd4e3999645feac5261e947f801af5b3c300c94,0x53e3aea8ba8f0d6cb821e650cee22c1f1e7dd12c,22018387,699,0xc02aaa39b223fe8d0a0e5c4f27ead9083c756cc2,0x6b175474e89094c44da98b954eedeac495271d0f,1.069259209148145,True,True,unexplained
aave_v2,0xeb6084d59945b19fddee2582cd2be6521b90b59e534698186f09f0722169a69b,0x8518ffa979bebfd3546a84382bb1fcdc02ceaffa,22018387,460,0xae7ab96520de3a18e5e111b5eaab095312d7fe84,0xa0b86991c6218b36c1d19d4a2e9eb0ce3606eb48,1.0754565986503053,True,True,unexplained
aave_v2,0xd81c82aadf86590d2a0f9380b04c0c5abca7b5ea89d8d052c099eb551806c4a9,0x9a9390cf9571f546a136e773a4eda3a46ee769db,22018387,487,0xc02aaa39b223fe8d0a0e5c4f27ead9083c756cc2,0xa0b86991c6218b36c1d19d4a2e9eb0ce3606eb48,1.2171697092612987,True,True,unexplained
aave_v2,0x51590cee6a5f6a8139caacb52abbbf57822dc623ad9b834e2b5b577de009bd6d,0x47ab2ba28c381011fa1f25417c4c2b2c0d5b4781,22018412,681,0xc02aaa39b223fe8d0a0e5c4f27ead9083c756cc2,0x2260fac5e5542a773aa44fbcfedf7c193bc2c599,1.260956142737335,True,True,unexplained
aave_v2,0xaf32f3b2306e0fb7b4d3204f637e3cc54765b95c45d1fa7a2fdbb54bdcca0ccf,0x53e3aea8ba8f0d6cb821e650cee22c1f1e7dd12c,22020164,605,0xc02aaa39b223fe8d0a0e5c4f27ead9083c756cc2,0xa0b86991c6218b36c1d19d4a2e9eb0ce3606eb48,1.026196913518294,True,True,unexplained
aave_v2,0xdd4107e299261c12947b12aec7f7658078ff85b8a3d7e5165219818fcd36fb31,0xdfadf9eddf71fc3fc974f8524f4668857215d557,22020164,297,0xc02aaa39b223fe8d0a0e5c4f27ead9083c756cc2,0xa0b86991c6218b36c1d19d4a2e9eb0ce3606eb48,1.01297741508933,True,True,unexplained
aave_v2,0x34ed4ca184efe1f32e16d5d3041fc330bbef506d0c84a0f6018e69d5fca51be8,0x06cf19e0c17fc400b20f59c3c405ab0e5f73e7ff,22020167,604,0xc02aaa39b223fe8d0a0e5c4f27ead9083c756cc2,0xa0b86991c6218b36c1d19d4a2e9eb0ce3606eb48,1.1117041680404476,True,True,unexplained
aave_v2,0xc756b7d5157177945d594dcf6a5ab2f91c39954fb14f9bda01260b25479eda1e,0x510f3c959ab647681acde24c09b39e252b799dcb,22020167,210,0xc02aaa39b223fe8d0a0e5c4f27ead9083c756cc2,0xdac17f958d2ee523a2206206994597c13d831ec7,1.0198108310581426,True,True,unexplained
aave_v2,0x4863667495a447710239e7bbdb813119cab4e93a0120953e4f941140993a829e,0x988e886b14a58dffa124230a489ad83f64008854,22020167,791,0xc02aaa39b223fe8d0a0e5c4f27ead9083c756cc2,0xa0b86991c6218b36c1d19d4a2e9eb0ce3606eb48,1.0566453741628243,True,True,unexplained
aave_v2,0xce20f16f2b985c3229aaf261c5831963f7894c5ce57b2e5c43bdf684eef7adad,0x9a9390cf9571f546a136e773a4eda3a46ee769db,22020167,824,0xc02aaa39b223fe8d0a0e5c4f27ead9083c756cc2,0x2260fac5e5542a773aa44fbcfedf7c193bc2c599,1.3413517578614154,True,True,unexplained
aave_v2,0x6cc1691ed56ce0125e299453c15bb73e65f3745bd79739ba5df68b78124cb966,0x0faad92032b0984642a29bc9dcafc35d70474bc7,22027325,17,0xc02aaa39b223fe8d0a0e5c4f27ead9083c756cc2,0x2260fac5e5542a773aa44fbcfedf7c193bc2c599,1.770728289404481,True,True,unexplained
aave_v2,0xde4594e36952b5010aad995257c2c8817857530df4f037001f3beb57995fbb71,0x33d722b610fd1fdefffd2560acf5305a8634dfb5,22032780,20,0xc02aaa39b223fe8d0a0e5c4f27ead9083c756cc2,0x2260fac5e5542a773aa44fbcfedf7c193bc2c599,1.8048352849598044,True,True,unexplained
aave_v2,0xcdb5e58bb2499bf8a5ca2c33278ad2ab75b2782a72101d285e9aab9b8bbee7b2,0x664493dc3729daf641e47df63b23d356611feb81,22032780,60,0xc02aaa39b223fe8d0a0e5c4f27ead9083c756cc2,0x2260fac5e5542a773aa44fbcfedf7c193bc2c599,1.7825948964543223,True,True,unexplained
aave_v2,0xcdb5e58bb2499bf8a5ca2c33278ad2ab75b2782a72101d285e9aab9b8bbee7b2,0xe2d8f9557fd46ad134c8fb5eabf6f4da3e0d3f68,22032780,48,0xc02aaa39b223fe8d0a0e5c4f27ead9083c756cc2,0x2260fac5e5542a773aa44fbcfedf7c193bc2c599,1.788053860659795,True,True,unexplained
aave_v2,0xea4aa419dda729e3d5d6e0b0c198a1d205b6a83ba96c5cbbccfa29bc133c18e9,0xa05cf0419d10b5a096663cfd2dae2c9e052b1c54,22072158,171,0xc02aaa39b223fe8d0a0e5c4f27ead9083c756cc2,0xd5147bc8e386d91cc5dbe72099dac6c9b99276f5,1.1235149454083442,True,True,unexplained
aave_v2,0x341d14cd557d42b590000b20347717db797bedf920d8ffc44163941235efe753,0x98bc157bf197fa1d497246c94e1e9709c803775b,22131816,167,0xc02aaa39b223fe8d0a0e5c4f27ead9083c756cc2,0x5f98805a4e8be255a32880fdec7f6728c6568ba0,1.0215825185544951,True,True,param_drift
aave_v2,0x96d30f7957b4fbd6b8fc6cd2bd0ba7019be46d3eee75f60b81aadf6bd9f33a33,0x027c0c58707cae5470b539cba6f8b9541e28ded3,22152346,55,0xc02aaa39b223fe8d0a0e5c4f27ead9083c756cc2,0x2260fac5e5542a773aa44fbcfedf7c193bc2c599,1.3493470087936805,True,True,unexplained
aave_v2,0xa09d066a0a6ff792099391db445259d19d0de1342dd83e732b0b87309732d8a8,0x53e3aea8ba8f0d6cb821e650cee22c1f1e7dd12c,22153995,71,0xc02aaa39b223fe8d0a0e5c4f27ead9083c756cc2,0x2260fac5e5542a773aa44fbcfedf7c193bc2c599,1.0293822368779992,True,True,unexplained
aave_v2,0xc82ca7594ac4a80469854eea0bee959b70575abb40d6cd5b108a31525e429e99,0x0fb52e637c407b82bd443bf30df8a418cbb77319,22162615,17,0xc02aaa39b223fe8d0a0e5c4f27ead9083c756cc2,0xdac17f958d2ee523a2206206994597c13d831ec7,1.0137389204080431,True,True,unexplained
aave_v2,0x71e4a7ee9081885426ee4977093544bf443f6ad55f9c3365908ca15eb0dcbf7f,0x53e3aea8ba8f0d6cb821e650cee22c1f1e7dd12c,22162615,113,0xc02aaa39b223fe8d0a0e5c4f27ead9083c756cc2,0x6b175474e89094c44da98b954eedeac495271d0f,1.022599863334229,True,True,unexplained
aave_v2,0x60ac3d59feadf5c1f5d33d899ca6c67872eca85f26e6ce7dd45ba3c930e28d5f,0xfd283e95007157573f393cbf8582a8b0e84f0822,22165732,240,0x7fc66500c84a76ad7e9c93437bfc5ac33e2ddae9,0xc02aaa39b223fe8d0a0e5c4f27ead9083c756cc2,1.0917623470542581,True,True,unexplained
aave_v2,0xde981a16bf084dfee9ae565ed09a7306e5365c9aaa382b4226cc394bb8b82986,0x278951f72d6435334b0fe0f86d637f716f414eb3,22188462,204,0xc02aaa39b223fe8d0a0e5c4f27ead9083c756cc2,0xa0b86991c6218b36c1d19d4a2e9eb0ce3606eb48,1.0103056366284362,True,True,unexplained
aave_v2,0x6d3109474d322d3b7bc96cd00b1500294b8a9a1ae971c61711f5a55834931a0b,0x996487fa28e3b994619db4b67a9e1c666341291f,22188462,16,0xc02aaa39b223fe8d0a0e5c4f27ead9083c756cc2,0xdac17f958d2ee523a2206206994597c13d831ec7,1.0138023435300778,True,True,unexplained
aave_v2,0x5acbd897a1c58366fe12f933c4defddce81251e755c46762b30eaa78419c2871,0xe3dd3436d4448b9aafc8ddc60cbe5b675fdfbb7c,22188462,166,0xc02aaa39b223fe8d0a0e5c4f27ead9083c756cc2,0xa0b86991c6218b36c1d19d4a2e9eb0ce3606eb48,1.0152378074331432,True,True,unexplained
aave_v2,0xb23a051e860d720677ac01ecc4e0d83fbda221e565e63ebdad6e5417cf86face,0xf3ffabedf7ec035f558d4c4ff268d6724da92b55,22188462,36,0xc02aaa39b223fe8d0a0e5c4f27ead9083c756cc2,0xdac17f958d2ee523a2206206994597c13d831ec7,1.0109861312146664,True,True,unexplained
aave_v2,0x4584da98825f6c7abe03ff66cfad7ea031ab04859d028314df0c43e4f673d2f3,0x91a5b96c6ccb3d84dd8e3dc2f093e2694dedae93,22188482,340,0xc02aaa39b223fe8d0a0e5c4f27ead9083c756cc2,0xa0b86991c6218b36c1d19d4a2e9eb0ce3606eb48,1.0105816865758297,True,True,unexplained
aave_v2,0xf6c5995cf7dafdcfe0bc2b587c16204d0e528d21b0cfb1258e0b34f3dec0e4f3,0x06cf19e0c17fc400b20f59c3c405ab0e5f73e7ff,22211204,126,0xc02aaa39b223fe8d0a0e5c4f27ead9083c756cc2,0xa0b86991c6218b36c1d19d4a2e9eb0ce3606eb48,1.2303375405347003,True,True,unexplained
aave_v2,0x71f3b4eb0b2d4cc414a7067c2c138adae96cde18e417113756c67e4fc5ee3cad,0x988e886b14a58dffa124230a489ad83f64008854,22211204,148,0xc02aaa39b223fe8d0a0e5c4f27ead9083c756cc2,0xdac17f958d2ee523a2206206994597c13d831ec7,1.038048792950099,True,True,unexplained
aave_v2,0xb05d16994937eadaf035ee26a736f25921da5f0fb79dfec5ecc78b263322e954,0x53e3aea8ba8f0d6cb821e650cee22c1f1e7dd12c,22211218,285,0xc02aaa39b223fe8d0a0e5c4f27ead9083c756cc2,0xa0b86991c6218b36c1d19d4a2e9eb0ce3606eb48,1.033648197111223,True,True,unexplained
aave_v2,0x4fdf05284741b9d5a72d49e38cd9bfee46239615da69afdefeb7ba52695b3be0,0x9a9390cf9571f546a136e773a4eda3a46ee769db,22211218,46,0xc02aaa39b223fe8d0a0e5c4f27ead9083c756cc2,0xa0b86991c6218b36c1d19d4a2e9eb0ce3606eb48,1.2773441022347365,True,True,unexplained
aave_v2,0x1d7ef9a0755b700a537dcc40049782e942028288f0711e0c6a2abd1ed08de50b,0xb24a137e927458139da4941f07782851820c11e5,22211219,482,0x514910771af9ca656af840dff83e8264ecf986ca,0x8e870d67f660d95d5be530380d0ec0bd388289e1,1.4484326482891106,True,True,unexplained
aave_v2,0x6d1fae3cc653cbde2fb8a91a5eb34a441ea6c8df7f658a2563f04f932f0634f5,0x2cf3448b226f2599ee7d5f10c35791014e63aa90,22211357,776,0xc02aaa39b223fe8d0a0e5c4f27ead9083c756cc2,0xa0b86991c6218b36c1d19d4a2e9eb0ce3606eb48,1.0135618636254837,True,True,unexplained
aave_v2,0xbbe76960f904032b593fba45057fd1901482add8457fba583d78ca0bc7a064dc,0x996487fa28e3b994619db4b67a9e1c666341291f,22211357,40,0xc02aaa39b223fe8d0a0e5c4f27ead9083c756cc2,0xa0b86991c6218b36c1d19d4a2e9eb0ce3606eb48,1.0145374731309078,True,True,unexplained
aave_v2,0xa7d93e95a4b6e90c815c6a9bccc1cb646e220ef45a70a5e7784bd65abdd8303e,0xf99ce50582b7d30a284294dbbd275eff4b9dbc06,22211357,423,0xc02aaa39b223fe8d0a0e5c4f27ead9083c756cc2,0xa0b86991c6218b36c1d19d4a2e9eb0ce3606eb48,1.0168590403781488,True,True,unexplained
aave_v2,0x6605857cd8d9a1e035f76cc46d72e7b91c09991040d1e80e120b6e96b1b16687,0x33d722b610fd1fdefffd2560acf5305a8634dfb5,22211373,57,0xc02aaa39b223fe8d0a0e5c4f27ead9083c756cc2,0x2260fac5e5542a773aa44fbcfedf7c193bc2c599,1.9710540208140561,True,True,unexplained
aave_v2,0x4f44b879588cd571fa605206e4c726b52b426433dfa6aa14b225969c04ef37da,0x988e886b14a58dffa124230a489ad83f64008854,22211432,439,0xc02aaa39b223fe8d0a0e5c4f27ead9083c756cc2,0xa0b86991c6218b36c1d19d4a2e9eb0ce3606eb48,1.0696216205476696,True,True,unexplained
aave_v2,0xff5659fa24a275b13a842e138fc31fa5e172fcee58c9aae1f5312f2086b58fe6,0x06cf19e0c17fc400b20f59c3c405ab0e5f73e7ff,22211561,368,0xc02aaa39b223fe8d0a0e5c4f27ead9083c756cc2,0x2260fac5e5542a773aa44fbcfedf7c193bc2c599,1.385263340969125,True,True,unexplained
aave_v2,0x082f1dcd7a7218c8ac9d8299a88d74c61797ec6696d6626dea045703ab63a505,0xdfadf9eddf71fc3fc974f8524f4668857215d557,22211624,604,0xc02aaa39b223fe8d0a0e5c4f27ead9083c756cc2,0xa0b86991c6218b36c1d19d4a2e9eb0ce3606eb48,1.0101099929613597,True,True,unexplained
aave_v2,0xe44c720d7f25eba31fcae71b04195ba30c94da9e711ac6553a6e13aa1d9f97a6,0x988e886b14a58dffa124230a489ad83f64008854,22211741,129,0xc02aaa39b223fe8d0a0e5c4f27ead9083c756cc2,0xdac17f958d2ee523a2206206994597c13d831ec7,1.112295999845095,True,True,unexplained
aave_v2,0x8fb577fc9078d6d3a9693779c8a2894152dbb568d317e4a312cedd865a146847,0xb5e8c53eaaa43a31c7629d3f95fe4f8b207d7012,22211939,70,0xc02aaa39b223fe8d0a0e5c4f27ead9083c756cc2,0x2260fac5e5542a773aa44fbcfedf7c193bc2c599,1.2676546204126609,True,True,unexplained
aave_v2,0xdc498f76fcd7485a898aecc6e3459230aef3db387183f45752e6fdd4effb652c,0x2cf3448b226f2599ee7d5f10c35791014e63aa90,22212724,59,0xc02aaa39b223fe8d0a0e5c4f27ead9083c756cc2,0xa0b86991c6218b36c1d19d4a2e9eb0ce3606eb48,1.010028708979879,True,True,unexplained
aave_v2,0xe2ded4805739f539afd2ecad357e5eb7eb489b644b56384b75e9115c1cab5158,0x9a9390cf9571f546a136e773a4eda3a46ee769db,22213061,391,0xc02aaa39b223fe8d0a0e5c4f27ead9083c756cc2,0xa0b86991c6218b36c1d19d4a2e9eb0ce3606eb48,1.2798885081644316,True,True,unexplained
aave_v2,0xcbeea356568c6faf1b8abde2609eab6b3461f50a31d9a7d4e445d6c1be2b6f39,0x25b4c64a97c4b638ceb27be6cd13837692400d0f,22213098,455,0xc02aaa39b223fe8d0a0e5c4f27ead9083c756cc2,0xdac17f958d2ee523a2206206994597c13d831ec7,1.0102008479228188,True,True,unexplained
aave_v2,0x91dc21555add7f01fb692b2a888fc7d8af87e62cdf3b47de51582879ef364c0a,0x988e886b14a58dffa124230a489ad83f64008854,22213098,338,0xc02aaa39b223fe8d0a0e5c4f27ead9083c756cc2,0x6b175474e89094c44da98b954eedeac495271d0f,1.1699676568384112,True,True,unexplained
aave_v2,0xf51c7b98d084361151cc308dfb707b483560b392d515b2da24848e5b1a5070a1,0x996487fa28e3b994619db4b67a9e1c666341291f,22215332,311,0xc02aaa39b223fe8d0a0e5c4f27ead9083c756cc2,0xa0b86991c6218b36c1d19d4a2e9eb0ce3606eb48,1.0133353020903217,True,True,unexplained
aave_v2,0x2a95509040d307e4f2452b0340525dd8d090fff2fb09bcb12c9ed186ad0f3c8b,0x0fb52e637c407b82bd443bf30df8a418cbb77319,22215369,321,0xc02aaa39b223fe8d0a0e5c4f27ead9083c756cc2,0xdac17f958d2ee523a2206206994597c13d831ec7,1.0107101792911775,True,True,unexplained
aave_v2,0xf31b27691fc7b4229e917fba7b805c98fc139d07f914d0ac8ecb0ab890b8b69b,0xe338b76a3ae4ce0cf13e1c2b126561f1bbefe66f,22215372,227,0x7fc66500c84a76ad7e9c93437bfc5ac33e2ddae9,0xdac17f958d2ee523a2206206994597c13d831ec7,1.0189499984799595,True,True,unexplained
aave_v2,0x2e4e56e9733d7d1e26eae5d2f920aa140375aee30c1293e121f5277e089e5221,0xf7ca19894ae1cf00a8156d7b54c2f2cfd2c08a13,22225896,128,0xc02aaa39b223fe8d0a0e5c4f27ead9083c756cc2,0x853d955acef822db058eb8505911ed77f175b99e,1.593089053645234,True,True,param_drift
aave_v2,0x1730f79fa50b10c1969f5a244807a3c20034ebe40875de9e9344210186bfcb78,0xf2d196ab3fd56ec5e8d09b5ba2408edaf2d97997,22228016,30,0xc02aaa39b223fe8d0a0e5c4f27ead9083c756cc2,0x2260fac5e5542a773aa44fbcfedf7c193bc2c599,1.4416132101193393,True,True,unexplained
aave_v2,0x22cd7daa9f0cdd2a4ca11d5b69e3a79289e901e4a5a6f8c94bd5539b4bd6cf22,0x52569bcfc5e32340894f1d180f957e49774bdb29,22228028,348,0xc02aaa39b223fe8d0a0e5c4f27ead9083c756cc2,0xa0b86991c6218b36c1d19d4a2e9eb0ce3606eb48,1.0177353109828835,True,True,unexplained
aave_v2,0xc9f2b3a4b793895495eef969e0fe622a03f99252682ee5febb1977c4c6a58c16,0x996487fa28e3b994619db4b67a9e1c666341291f,22228028,216,0xc02aaa39b223fe8d0a0e5c4f27ead9083c756cc2,0xdac17f958d2ee523a2206206994597c13d831ec7,1.0113550103910005,True,True,unexplained
aave_v2,0xc13d33901f151ed0e09219f2e32a5a436b341608dd07db636908d21eca4549cc,0xfa4efb76f67bfe940d026adace39a8dac1df3b76,22239452,217,0x2260fac5e5542a773aa44fbcfedf7c193bc2c599,0xa0b86991c6218b36c1d19d4a2e9eb0ce3606eb48,1.0785885296940985,True,True,unexplained
aave_v2,0x9c1306ed58edbd9c1712417fab6e998457aa01ece3018e08f96d39b2ecf1c86e,0x930d81f7312199fa61df53a7b95479ff60b8c8c9,22252440,171,0xc02aaa39b223fe8d0a0e5c4f27ead9083c756cc2,0xa693b19d2931d498c5b318df961919bb4aee87a5,1.817738418147386,True,True,unexplained
aave_v2,0x8cd724fb166bace0c7ba361881ab1c991a9df9091cfd1c7eddb1d7fb2bdb8fee,0x41cda865253006d888b8a7c445da0848c8bbdb1b,22282753,43,0xc02aaa39b223fe8d0a0e5c4f27ead9083c756cc2,0x2260fac5e5542a773aa44fbcfedf7c193bc2c599,2.1968576659496444,True,True,unexplained
aave_v2,0x489e54edce2f43d8dfbd7544f290da05abb773972e26da67d3b36b6843915c70,0xa366d0eab799f69fb5fa702fc48699109897d68f,22318584,16,0xc02aaa39b223fe8d0a0e5c4f27ead9083c756cc2,0x2260fac5e5542a773aa44fbcfedf7c193bc2c599,1.5397441452995588,True,True,unexplained
aave_v2,0x92d1adaba9257c12b33b56ef1452c2706c8bce5854d9f60b84b458cbdf1d629b,0xe2d8f9557fd46ad134c8fb5eabf6f4da3e0d3f68,22319625,143,0xc02aaa39b223fe8d0a0e5c4f27ead9083c756cc2,0x2260fac5e5542a773aa44fbcfedf7c193bc2c599,2.264364566700636,True,True,unexplained
aave_v2,0xc570bca6cc6dd4d8138ed21448bd3556a024d70cd5cc6d8d5a8e2808295155e9,0x5498f662c60668f29f1f08fb3c0d175bce8c2f91,22325312,490,0xa0b86991c6218b36c1d19d4a2e9eb0ce3606eb48,0x2260fac5e5542a773aa44fbcfedf7c193bc2c599,1.3700974404303976,True,True,unexplained
aave_v2,0x6c0319a888039647b09cf4f29f6cd0588ca66766f014e3eb87a4e70ee29c4d5e,0x9acfe4b2c142d60864662453ac84e0e92595d005,22352020,109,0x6b175474e89094c44da98b954eedeac495271d0f,0x2260fac5e5542a773aa44fbcfedf7c193bc2c599,2.169691486628355,True,True,unexplained
aave_v2,0xff5a51ef155c331213c8d0344c1a9df82faa712ba99fea30cdd35d6745b425b2,0xcbbcf632c87d3df7342642525cc5f30090e390a6,22356701,231,0xa0b86991c6218b36c1d19d4a2e9eb0ce3606eb48,0x2260fac5e5542a773aa44fbcfedf7c193bc2c599,1.6378810556583339,True,True,unexplained
aave_v2,0x3199690c37b01793ff54f6d6ec4c52be388d386d3b7b3d79587c210bb4b0c9e6,0xbb559fe08dc4fe6e9652939daec94388ecc40b74,22373563,90,0xc02aaa39b223fe8d0a0e5c4f27ead9083c756cc2,0x5f98805a4e8be255a32880fdec7f6728c6568ba0,6.0695262673334005,True,True,unexplained
aave_v2,0xb7a7523a198f5e82a22a7a87869daf72f2602b8a2ac6c5f43a711c51471b820d,0xefb373e723eabf24bebd17d79d3976e1f7d9ff4a,22399375,230,0xa0b86991c6218b36c1d19d4a2e9eb0ce3606eb48,0x956f47f50a910163d8bf957cf5846d573e7f87ca,1.3338008193996496,True,True,unexplained
aave_v2,0xc3e20c545859b14b51430d75c2f43754b7b71f2e6a617112fc9f6c0e5a1b548b,0x41cda865253006d888b8a7c445da0848c8bbdb1b,22436225,349,0xc02aaa39b223fe8d0a0e5c4f27ead9083c756cc2,0x2260fac5e5542a773aa44fbcfedf7c193bc2c599,2.196442457873172,True,True,unexplained
aave_v2,0xfcc81114faf528d49d0a916d2dbbda3f5c7f7b3e4bcd95b9329af649b84a7950,0xbcb21fce9a68748dfd2fbafb6ac94d537e71a44c,22513271,1001,0xa0b86991c6218b36c1d19d4a2e9eb0ce3606eb48,0x2260fac5e5542a773aa44fbcfedf7c193bc2c599,1.3653539010649913,True,True,unexplained
aave_v2,0x3c1013da1189ffb94922e18cafdb9e20957f93b74f5c66abf41d05929ad0a6bf,0x41cda865253006d888b8a7c445da0848c8bbdb1b,22513276,613,0xa0b86991c6218b36c1d19d4a2e9eb0ce3606eb48,0x2260fac5e5542a773aa44fbcfedf7c193bc2c599,1.8136903481538733,True,True,unexplained
aave_v2,0x784d11fa045202795e026f4566541e004854105bdb1a4109cc131e396747bd23,0xeabec509d961d4cca961263c8d15baaf4c96a5e4,22534525,20,0x6b175474e89094c44da98b954eedeac495271d0f,0x2260fac5e5542a773aa44fbcfedf7c193bc2c599,1.7938023187369063,True,True,unexplained
aave_v2,0x26aaa784da16fb45572174a3d37c387dd168278608b0e98dd04e5be392c0f185,0x38d52da0103780754a0673b8536aa4beca58ccb5,22755504,128,0xa0b86991c6218b36c1d19d4a2e9eb0ce3606eb48,0x956f47f50a910163d8bf957cf5846d573e7f87ca,1.9270444172362802,True,True,unexplained
aave_v2,0x7b9ec3af46d88a01b79fb2524e6f5a2f556e46802c4e0c373d6df28a3f5aa43e,0x5498f662c60668f29f1f08fb3c0d175bce8c2f91,22755895,27,0xc02aaa39b223fe8d0a0e5c4f27ead9083c756cc2,0x6b175474e89094c44da98b954eedeac495271d0f,1.1799074778689582,True,True,unexplained
aave_v2,0xbd3b88899474f852c9ccd7a29932af34deae29938c9a51acd3cc4d533e2daf44,0x748e5de1536b307fe83df3ccfdda6abb4d500e4a,22762103,40,0x514910771af9ca656af840dff83e8264ecf986ca,0x2260fac5e5542a773aa44fbcfedf7c193bc2c599,1.3089765529494122,True,True,unexplained
aave_v2,0x75c5fe32517406dca0c467f46a414e117cbc46d618fc7ed17f3fb3228ba874f1,0xd3065f9a21e8e22f63450d2cf7e6c64cb9cb728a,22762274,173,0xc02aaa39b223fe8d0a0e5c4f27ead9083c756cc2,0x5f98805a4e8be255a32880fdec7f6728c6568ba0,9.324231806456721,True,True,unexplained
aave_v2,0xc7a1a8669525cd38cdd0abd7831647a7568aefae6497c14382bee86e52a258cf,0xd3065f9a21e8e22f63450d2cf7e6c64cb9cb728a,22762316,129,0xc02aaa39b223fe8d0a0e5c4f27ead9083c756cc2,0x5f98805a4e8be255a32880fdec7f6728c6568ba0,1.0650737044021912,True,True,unexplained
aave_v2,0xcdb153c0a35b4b31c317421265fa64d8dd7506c0209a7b821317c1720a039ba4,0xe77be5f59ee555427272d1bcbee00dd845d89eaa,22821788,729,0xa0b86991c6218b36c1d19d4a2e9eb0ce3606eb48,0x853d955acef822db058eb8505911ed77f175b99e,1.4181711239626715,True,True,unexplained
aave_v2,0x9ed99bdf0d4baeac2d06e25070e0f5f5efb0da2a7663b78683dbf8af96423c0c,0x9acfe4b2c142d60864662453ac84e0e92595d005,22891414,23,0x6b175474e89094c44da98b954eedeac495271d0f,0x2260fac5e5542a773aa44fbcfedf7c193bc2c599,1.66211714453365,True,True,unexplained
aave_v2,0x2a5676d33f89d9284d1b9e485c49e698a849386ba750dee28875814c574bd04e,0x41cda865253006d888b8a7c445da0848c8bbdb1b,22891447,84,0xa0b86991c6218b36c1d19d4a2e9eb0ce3606eb48,0x2260fac5e5542a773aa44fbcfedf7c193bc2c599,1.698736345104339,True,True,unexplained
aave_v2,0x2a5676d33f89d9284d1b9e485c49e698a849386ba750dee28875814c574bd04e,0xc05db9407b4c7fe50a658202c6e4eef1e287423c,22891447,99,0xa0b86991c6218b36c1d19d4a2e9eb0ce3606eb48,0x2260fac5e5542a773aa44fbcfedf7c193bc2c599,1.4142406444304596,True,True,unexplained
aave_v2,0x9e1311a58a3153487931cb5acfb442bddb93232f47690584dde7735611f13ce9,0x883e6cefe60d5dac0123eb123c320ca35ef6ba78,22910384,111,0xc02aaa39b223fe8d0a0e5c4f27ead9083c756cc2,0x2260fac5e5542a773aa44fbcfedf7c193bc2c599,1.6492013221523385,True,True,unexplained
aave_v2,0xeab4398814d799a81d926d002c65b87c14ec88168e00fa542d4f73c0f9dd9f8e,0xc05db9407b4c7fe50a658202c6e4eef1e287423c,22949657,116,0xa0b86991c6218b36c1d19d4a2e9eb0ce3606eb48,0xc02aaa39b223fe8d0a0e5c4f27ead9083c756cc2,1.0953781905665603,True,True,unexplained
aave_v2,0xe561db160574b3b4927954233e25aad5918c7b135fbc9590565007c921fbb098,0xc05db9407b4c7fe50a658202c6e4eef1e287423c,22965596,551,0xa0b86991c6218b36c1d19d4a2e9eb0ce3606eb48,0xc02aaa39b223fe8d0a0e5c4f27ead9083c756cc2,1.1301096395190908,True,True,unexplained
aave_v2,0x61346a8d0de328ba5cb8db488c1cfa2e634b8e86042975e64da9d9c08f85f684,0x6505f5b020bf853a741cd72f803d3a099a5adb2e,22977637,126,0xa0b86991c6218b36c1d19d4a2e9eb0ce3606eb48,0x4e3fbd56cd56c3e72c1403e103b45db9da5b9d2b,1.62641742296537,True,True,unexplained
aave_v2,0xe01affd887dbd403ed7c13eb5d6b5373ae086e1ba83dff0f055ab2b4d50bfc42,0xad4490fbdb43c8e18731dacf498001152af4cdc4,23055228,16,0xc02aaa39b223fe8d0a0e5c4f27ead9083c756cc2,0x2260fac5e5542a773aa44fbcfedf7c193bc2c599,1.2038745284422376,True,True,unexplained
aave_v2,0x1e43971d510d6aa69d4f0fbe115efbd95347257ca378b4efd3449a249da3d54e,0xc9db3af6603329df6c85e168d41b74832452ef08,23081415,22,0x6b175474e89094c44da98b954eedeac495271d0f,0x57ab1ec28d129707052df4df418d58a2d46d5f51,2.519996211023968,True,True,unexplained
aave_v2,0xac1f569e77b950a0cbc66af55e2993b4b84fe3341218765e4defe3f929c139c0,0x16af29b7efbf019ef30aae9023a5140c012374a5,23097993,21,0x0000000000085d4780b73119b644ae5ecd22b376,0xc02aaa39b223fe8d0a0e5c4f27ead9083c756cc2,1.723586699147798,True,True,unexplained
aave_v2,0x0cf87770f6b11a335ab186dd2380580bf559df75b33ec5220665b0f427e58a2a,0xda96ae6facdbbcc748dbf65cb0787cbe7f95b1f8,23105480,42,0x6b175474e89094c44da98b954eedeac495271d0f,0x1494ca1f11d487c2bbe4543e90080aeba4ba3c2b,1.0526745116462028,True,True,unexplained
aave_v2,0x0b5a6ec788adecf812e9b225ef4b4d0f1a43ab2862b5a10fe090e820561f391b,0xfaf3af4f551f76af4cde17c3d3708c4f3a69d21e,23123875,53,0x6b175474e89094c44da98b954eedeac495271d0f,0xba100000625a3754423978a60c9317c58a424e3d,1.0898271775417054,True,True,unexplained
aave_v2,0x9c6b0e6230b625ad0ac54ffd3a164caa910db5616a471fce7212bb1d7a9109b4,0x3700eeb393a471aaf52bde826fa5b16e888b51e8,23440063,74,0xc02aaa39b223fe8d0a0e5c4f27ead9083c756cc2,0xa0b86991c6218b36c1d19d4a2e9eb0ce3606eb48,1.0118912293427933,True,True,unexplained
aave_v2,0x9c6b0e6230b625ad0ac54ffd3a164caa910db5616a471fce7212bb1d7a9109b4,0xaf309ea6d012bc125555f11e799ed05c736ec519,23440063,60,0xc02aaa39b223fe8d0a0e5c4f27ead9083c756cc2,0xa0b86991c6218b36c1d19d4a2e9eb0ce3606eb48,1.0107071884536183,True,True,unexplained
aave_v2,0x4b9f733f3d7af03f779b8499f1cf9f532b072106fa8f90764ae750463c645aa0,0x0e636d680b300214cf10e3343d0eef14f642c8a4,23567640,545,0xa0b86991c6218b36c1d19d4a2e9eb0ce3606eb48,0xa0b86991c6218b36c1d19d4a2e9eb0ce3606eb48,1.7772268299163603,True,True,unexplained
aave_v2,0x9e3c62d5a59774e535f7f9c55ba2ec4ec117e2b9a55c678b577a90ca6db45f90,0x994f21ad9f08e71557001c5edcc8bb44bcd00f59,23646503,19,0x0000000000085d4780b73119b644ae5ecd22b376,0xdac17f958d2ee523a2206206994597c13d831ec7,1.6961128919263158,True,True,unexplained
aave_v2,0x07f8fdf621f4d09bf6c1ae9cf303cc2978bb7e323ee8308647ce9cb0659db385,0xdfc11349cb2b6368854318b808b47c87f32c7efb,23659729,378,0x0d8775f648430679a709e98d2b0cb6250d2887ef,0xd46ba6d942050d489dbd938a2c909a5d5039a161,15.011126181282311,True,True,unexplained
aave_v2,0xdd705843b2c883a3cd5cdc44d0f371dccbf3702adfe1ce08b19b00bb93833a4d,0x988e886b14a58dffa124230a489ad83f64008854,23718364,35,0xc02aaa39b223fe8d0a0e5c4f27ead9083c756cc2,0xa0b86991c6218b36c1d19d4a2e9eb0ce3606eb48,1.0639132482158724,True,True,unexplained
aave_v2,0xbf8827f86cca30a16cb816cb99a3cc0e023bef637cc714dac74efefb71bba6a4,0x988e886b14a58dffa124230a489ad83f64008854,23724073,72,0xc02aaa39b223fe8d0a0e5c4f27ead9083c756cc2,0xdac17f958d2ee523a2206206994597c13d831ec7,1.030711355068189,True,True,unexplained
aave_v2,0x3d777127b6e5bffc9a66736cd370256a6dd3c6f0313bfb346f8b2f50f0cd3673,0x53e3aea8ba8f0d6cb821e650cee22c1f1e7dd12c,23728283,852,0xc02aaa39b223fe8d0a0e5c4f27ead9083c756cc2,0x6b175474e89094c44da98b954eedeac495271d0f,1.0739366746249184,True,True,unexplained
aave_v2,0x60026702381e13cea7379e0c41639014cd30cfd775dcb68e887414d047d6947c,0xa05cf0419d10b5a096663cfd2dae2c9e052b1c54,23749001,134,0xc02aaa39b223fe8d0a0e5c4f27ead9083c756cc2,0xd5147bc8e386d91cc5dbe72099dac6c9b99276f5,1.1233132063696802,True,True,unexplained
aave_v2,0x066db03fdb6aa54eea65fbe49ece5cf0a4e11fb7a4efbc830282e8d476db5468,0x6951a62b960ae81f8c56c3eb613b057bb5940ba3,23849757,156,0x2260fac5e5542a773aa44fbcfedf7c193bc2c599,0x8e870d67f660d95d5be530380d0ec0bd388289e1,2.0377559310768656,True,True,unexplained
aave_v2,0xd3c6c0124649c88f0ba951a946073379e5433c24d3e575df9f1bac40c62d2465,0x85c474559bedf48e924ac4e315908d6363ee8c0c,23949131,761,0x7fc66500c84a76ad7e9c93437bfc5ac33e2ddae9,0x408e41876cccdc0f92210600ef50372656052a38,1.4239215080651544,True,True,unexplained
aave_v2,0x99118d39ed0eaac2b2eafcaebb41bf078e93541a3c33ab40e1c5952590997422,0xe77be5f59ee555427272d1bcbee00dd845d89eaa,24041296,477,0xa0b86991c6218b36c1d19d4a2e9eb0ce3606eb48,0x853d955acef822db058eb8505911ed77f175b99e,1.3471785948642496,True,True,unexplained
aave_v2,0x8d1b1ecd457cd93d796f8d4a7417b2865214da75c134034eb978eb6b8c63feaa,0x81a2ffca7b5e7b616c963e8112d212340815c634,24053674,338,0xc02aaa39b223fe8d0a0e5c4f27ead9083c756cc2,0xd46ba6d942050d489dbd938a2c909a5d5039a161,327.8184228016846,True,True,unexplained
aave_v2,0x2fe5295805e5def432cd46ece6ecec798188eb311f92ee4e9f8dbad068c5e361,0x81a2ffca7b5e7b616c963e8112d212340815c634,24205723,383,0xc02aaa39b223fe8d0a0e5c4f27ead9083c756cc2,0xd46ba6d942050d489dbd938a2c909a5d5039a161,361.19241149203737,True,True,unexplained
aave_v2,0xa1b9ad6a70f9c27a2aec57412c16d922c8d08a3856d2508bc0a5d92c875b85b9,0x1d1135412a37e6838f786153a8cab1e96fc526ec,24234158,356,0x2260fac5e5542a773aa44fbcfedf7c193bc2c599,0x2260fac5e5542a773aa44fbcfedf7c193bc2c599,1.0132342512379215,True,True,unexplained
aave_v2,0xf6cab07867bb19f85544e2c175d83ba6c9fbe6e81c56a7a5fb88369e09c28498,0x5daf04975aa44545b5aecfd66be15f4cc6ed8406,24293076,549,0xc02aaa39b223fe8d0a0e5c4f27ead9083c756cc2,0x2260fac5e5542a773aa44fbcfedf7c193bc2c599,1.2219059266483212,True,True,unexplained
aave_v2,0x7793172e4499f164d67a5b46965a413f8949f87fb39305861d9c074135d16285,0xdadf034fb6b82c58e82472d8e69625112e896b5a,24313549,19,0x514910771af9ca656af840dff83e8264ecf986ca,0x056fd409e1d7a124bd7017459dfea2f387b6d5cd,4.330011736884032,True,True,unexplained
aave_v2,0x62a00120c18db9b1faf3ed8e13e96bba939cd367c8231f78f65c612b47cc1ffc,0x748e5de1536b307fe83df3ccfdda6abb4d500e4a,24341170,16,0x514910771af9ca656af840dff83e8264ecf986ca,0xc02aaa39b223fe8d0a0e5c4f27ead9083c756cc2,1.0574629063896417,True,True,unexplained
aave_v2,0x27b1b68ab4189f4afd40e5e47bb7cf703c27a31d88e1e2056c79d7a4d0d7a011,0x881ccec3c27d83877263cdaa12a45d0437e1f0fe,24356598,65,0x514910771af9ca656af840dff83e8264ecf986ca,0x03ab458634910aad20ef5f1c8ee96f1d6ac54919,1.6401379532684928,True,True,unexplained
aave_v2,0xdb84ea242d4a7ea8722d50ff80dea2bebef0f91dce81f9bbeb80ccbedcf77f32,0x5daf04975aa44545b5aecfd66be15f4cc6ed8406,24358032,683,0xc02aaa39b223fe8d0a0e5c4f27ead9083c756cc2,0x2260fac5e5542a773aa44fbcfedf7c193bc2c599,1.3120871686381697,True,True,unexplained
aave_v2,0x9f65439dc56961a10c2ea754643ce8dec02e86a419eff0c6da3062785306eef4,0x6951a62b960ae81f8c56c3eb613b057bb5940ba3,24362617,153,0x2260fac5e5542a773aa44fbcfedf7c193bc2c599,0x8e870d67f660d95d5be530380d0ec0bd388289e1,2.314256748168493,True,True,unexplained
aave_v2,0x05689a8b6fcf743ff685665ed249e7e9c6ace0bb55c95c4e6a1608253501f69c,0x4ce5c9a5b1797fb13f3b998336795e3ba2bed8c1,24391486,178,0x514910771af9ca656af840dff83e8264ecf986ca,0x0000000000085d4780b73119b644ae5ecd22b376,1.1755080603590793,True,True,unexplained
aave_v2,0x05689a8b6fcf743ff685665ed249e7e9c6ace0bb55c95c4e6a1608253501f69c,0x748e5de1536b307fe83df3ccfdda6abb4d500e4a,24391486,144,0x514910771af9ca656af840dff83e8264ecf986ca,0xa0b86991c6218b36c1d19d4a2e9eb0ce3606eb48,1.1414858023314787,True,True,unexplained
aave_v2,0xe1f33584296007d1e01c4f81e5c9ddb61ffc6d76eee1724dabf51f6f02b270a1,0xa3ae3b60279f97bdb550dbc5ebaf54fa46339b04,24392514,41,0x514910771af9ca656af840dff83e8264ecf986ca,0xa0b86991c6218b36c1d19d4a2e9eb0ce3606eb48,1.01048718513003,True,True,unexplained
aave_v2,0xf432e219e76c88e97bcc209502614ac0068373c32fc5404e6f365638efffd30a,0x813ecf57ba49fc86b2dfecd8def305ed58bb25e7,24439769,26,0x4e3fbd56cd56c3e72c1403e103b45db9da5b9d2b,0x4e3fbd56cd56c3e72c1403e103b45db9da5b9d2b,1.026677997313016,True,True,unexplained
aave_v2,0xa68347e1faa76e3af7a02d416fe51993b245d7315ffbbf85bb0454d1afdaa037,0xc5e4802505f3a2451663b09511f585b264933f9b,24529772,196,0xc02aaa39b223fe8d0a0e5c4f27ead9083c756cc2,0x9f8f72aa9304c8b593d555f12ef6589cc3a579a2,1.5946393885426566,True,True,unexplained
aave_v2,0x509f3ccf51512a191847d82ca75bde81d01ac77f444dc768d43c1da16350a1c3,0x9c7cd4977dd1c4e71abd9c0daabe92425f3f7a0c,24544579,278,0x514910771af9ca656af840dff83e8264ecf986ca,0x0000000000085d4780b73119b644ae5ecd22b376,3.3471392915392335,True,True,unexplained
aave_v2,0x509f3ccf51512a191847d82ca75bde81d01ac77f444dc768d43c1da16350a1c3,0xfe2b5170862712726ffb5849c43087f10a2c6327,24544579,288,0x514910771af9ca656af840dff83e8264ecf986ca,0x0000000000085d4780b73119b644ae5ecd22b376,1.8660544384604587,True,True,unexplained
